"CITY_NAME","YEAR","CRACK_INDEX","STATEFP","COUNTYFP"
"AKRON",1980,0,NA,NA
"AKRON",1981,-0.00013,NA,NA
"AKRON",1982,0,NA,NA
"AKRON",1983,0,NA,NA
"AKRON",1984,0.000126,NA,NA
"AKRON",1985,0.006259,NA,NA
"AKRON",1986,0.001645,NA,NA
"AKRON",1987,0.027097,NA,NA
"AKRON",1988,0.05377,NA,NA
"AKRON",1989,0.055252,NA,NA
"AKRON",1990,0.006998,NA,NA
"AKRON",1991,0.024807,NA,NA
"AKRON",1992,0.034663,NA,NA
"AKRON",1993,0.045205,NA,NA
"AKRON",1994,0.026353,NA,NA
"AKRON",1995,0.007243,NA,NA
"AKRON",1996,0.052564,NA,NA
"AKRON",1997,0.023867,NA,NA
"AKRON",1998,0.100516,NA,NA
"AKRON",1999,0.055294,NA,NA
"AKRON",2000,0.046941,NA,NA
"ALBUQUE",1980,-0.00641,35,1
"ALBUQUE",1981,-0.01407,35,1
"ALBUQUE",1982,0.03024,35,1
"ALBUQUE",1983,-0.02892,35,1
"ALBUQUE",1984,-0.00888,35,1
"ALBUQUE",1985,0.019065,35,1
"ALBUQUE",1986,0.216786,35,1
"ALBUQUE",1987,0.278968,35,1
"ALBUQUE",1988,1.062396,35,1
"ALBUQUE",1989,1.370035,35,1
"ALBUQUE",1990,1.24349,35,1
"ALBUQUE",1991,0.945905,35,1
"ALBUQUE",1992,1.274741,35,1
"ALBUQUE",1993,1.556723,35,1
"ALBUQUE",1994,2.136293,35,1
"ALBUQUE",1995,1.545176,35,1
"ALBUQUE",1996,1.817131,35,1
"ALBUQUE",1997,1.944207,35,1
"ALBUQUE",1998,2.372433,35,1
"ALBUQUE",1999,3.370799,35,1
"ALBUQUE",2000,2.167679,35,1
"ALLENTOW",1980,-0.03329,NA,NA
"ALLENTOW",1981,-0.05238,NA,NA
"ALLENTOW",1982,0.038127,NA,NA
"ALLENTOW",1983,0,NA,NA
"ALLENTOW",1984,0.047537,NA,NA
"ALLENTOW",1985,0.157625,NA,NA
"ALLENTOW",1986,0.239576,NA,NA
"ALLENTOW",1987,0.348241,NA,NA
"ALLENTOW",1988,0.378171,NA,NA
"ALLENTOW",1989,0.963901,NA,NA
"ALLENTOW",1990,0.996687,NA,NA
"ALLENTOW",1991,1.226265,NA,NA
"ALLENTOW",1992,0.813312,NA,NA
"ALLENTOW",1993,1.012525,NA,NA
"ALLENTOW",1994,1.415404,NA,NA
"ALLENTOW",1995,1.542527,NA,NA
"ALLENTOW",1996,1.038031,NA,NA
"ALLENTOW",1997,1.175402,NA,NA
"ALLENTOW",1998,0.931896,NA,NA
"ALLENTOW",1999,0.884406,NA,NA
"ALLENTOW",2000,1.135644,NA,NA
"AMARILLO",1980,-0.00696,48,105
"AMARILLO",1981,-0.00917,48,105
"AMARILLO",1982,-0.02109,48,105
"AMARILLO",1983,-0.02094,48,105
"AMARILLO",1984,0.067253,48,105
"AMARILLO",1985,-0.0145,48,105
"AMARILLO",1986,-0.00035,48,105
"AMARILLO",1987,0.139478,48,105
"AMARILLO",1988,0.177214,48,105
"AMARILLO",1989,0.202912,48,105
"AMARILLO",1990,0.164728,48,105
"AMARILLO",1991,0.420242,48,105
"AMARILLO",1992,0.385303,48,105
"AMARILLO",1993,0.621709,48,105
"AMARILLO",1994,0.346429,48,105
"AMARILLO",1995,0.502221,48,105
"AMARILLO",1996,0.468101,48,105
"AMARILLO",1997,0.242495,48,105
"AMARILLO",1998,0.098413,48,105
"AMARILLO",1999,0.606411,48,105
"AMARILLO",2000,0.285995,48,105
"ANAHEIM",1980,-0.20624,6,59
"ANAHEIM",1981,0.048313,6,59
"ANAHEIM",1982,0.040753,6,59
"ANAHEIM",1983,-0.06392,6,59
"ANAHEIM",1984,0.182935,6,59
"ANAHEIM",1985,0.36234,6,59
"ANAHEIM",1986,0.513352,6,59
"ANAHEIM",1987,0.851175,6,59
"ANAHEIM",1988,0.993806,6,59
"ANAHEIM",1989,1.239147,6,59
"ANAHEIM",1990,0.786511,6,59
"ANAHEIM",1991,0.797687,6,59
"ANAHEIM",1992,1.271939,6,59
"ANAHEIM",1993,1.165207,6,59
"ANAHEIM",1994,1.066473,6,59
"ANAHEIM",1995,0.297462,6,59
"ANAHEIM",1996,0.725709,6,59
"ANAHEIM",1997,0.707022,6,59
"ANAHEIM",1998,1.277504,6,59
"ANAHEIM",1999,0.611468,6,59
"ANAHEIM",2000,0.419946,6,59
"ANCHORA",1980,-0.0022,NA,NA
"ANCHORA",1981,-0.02075,NA,NA
"ANCHORA",1982,-0.13475,NA,NA
"ANCHORA",1983,0.024691,NA,NA
"ANCHORA",1984,0.149588,NA,NA
"ANCHORA",1985,0.046703,NA,NA
"ANCHORA",1986,0.178146,NA,NA
"ANCHORA",1987,-0.05331,NA,NA
"ANCHORA",1988,0.155082,NA,NA
"ANCHORA",1989,0.258494,NA,NA
"ANCHORA",1990,-0.01837,NA,NA
"ANCHORA",1991,0.075762,NA,NA
"ANCHORA",1992,-0.04434,NA,NA
"ANCHORA",1993,-0.15459,NA,NA
"ANCHORA",1994,0.048759,NA,NA
"ANCHORA",1995,0.297473,NA,NA
"ANCHORA",1996,0.577169,NA,NA
"ANCHORA",1997,0.249829,NA,NA
"ANCHORA",1998,0.070978,NA,NA
"ANCHORA",1999,0.520396,NA,NA
"ANCHORA",2000,0.284282,NA,NA
"ANN_ARBO",1980,0.001453,NA,NA
"ANN_ARBO",1981,-0.00156,NA,NA
"ANN_ARBO",1982,-0.01608,NA,NA
"ANN_ARBO",1983,-0.01608,NA,NA
"ANN_ARBO",1984,0.075258,NA,NA
"ANN_ARBO",1985,0.021333,NA,NA
"ANN_ARBO",1986,0.128932,NA,NA
"ANN_ARBO",1987,0.191241,NA,NA
"ANN_ARBO",1988,0.072315,NA,NA
"ANN_ARBO",1989,-0.00025,NA,NA
"ANN_ARBO",1990,-0.02274,NA,NA
"ANN_ARBO",1991,-0.01232,NA,NA
"ANN_ARBO",1992,-0.00514,NA,NA
"ANN_ARBO",1993,0.115075,NA,NA
"ANN_ARBO",1994,0.115233,NA,NA
"ANN_ARBO",1995,0.007787,NA,NA
"ANN_ARBO",1996,0.325306,NA,NA
"ANN_ARBO",1997,-0.01458,NA,NA
"ANN_ARBO",1998,0.555793,NA,NA
"ANN_ARBO",1999,-0.0298,NA,NA
"ANN_ARBO",2000,-0.01608,NA,NA
"ARLINGTO",1980,-0.00556,NA,NA
"ARLINGTO",1981,-0.00556,NA,NA
"ARLINGTO",1982,-0.03319,NA,NA
"ARLINGTO",1983,0.087518,NA,NA
"ARLINGTO",1984,-0.01083,NA,NA
"ARLINGTO",1985,0.041128,NA,NA
"ARLINGTO",1986,0.166651,NA,NA
"ARLINGTO",1987,0.232569,NA,NA
"ARLINGTO",1988,0.937334,NA,NA
"ARLINGTO",1989,2.440252,NA,NA
"ARLINGTO",1990,0.579547,NA,NA
"ARLINGTO",1991,0.575309,NA,NA
"ARLINGTO",1992,0.615073,NA,NA
"ARLINGTO",1993,0.816995,NA,NA
"ARLINGTO",1994,0.602526,NA,NA
"ARLINGTO",1995,0.803889,NA,NA
"ARLINGTO",1996,1.114445,NA,NA
"ARLINGTO",1997,0.845126,NA,NA
"ARLINGTO",1998,1.145437,NA,NA
"ARLINGTO",1999,0.857591,NA,NA
"ARLINGTO",2000,0.784703,NA,NA
"ATLANTA",1980,-0.1602,NA,NA
"ATLANTA",1981,-0.23875,NA,NA
"ATLANTA",1982,-0.08471,NA,NA
"ATLANTA",1983,0.100393,NA,NA
"ATLANTA",1984,0.394394,NA,NA
"ATLANTA",1985,0.432202,NA,NA
"ATLANTA",1986,1.05206,NA,NA
"ATLANTA",1987,1.981429,NA,NA
"ATLANTA",1988,2.849785,NA,NA
"ATLANTA",1989,4.34395,NA,NA
"ATLANTA",1990,3.936904,NA,NA
"ATLANTA",1991,4.435587,NA,NA
"ATLANTA",1992,3.27064,NA,NA
"ATLANTA",1993,3.180477,NA,NA
"ATLANTA",1994,4.414542,NA,NA
"ATLANTA",1995,4.42768,NA,NA
"ATLANTA",1996,4.559455,NA,NA
"ATLANTA",1997,4.229733,NA,NA
"ATLANTA",1998,4.583896,NA,NA
"ATLANTA",1999,3.975283,NA,NA
"ATLANTA",2000,3.995332,NA,NA
"AURORA_C",1980,-0.00163,NA,NA
"AURORA_C",1981,0.001009,NA,NA
"AURORA_C",1982,-0.03697,NA,NA
"AURORA_C",1983,-0.00862,NA,NA
"AURORA_C",1984,0.107467,NA,NA
"AURORA_C",1985,0.005208,NA,NA
"AURORA_C",1986,0.018588,NA,NA
"AURORA_C",1987,0.007674,NA,NA
"AURORA_C",1988,0.144428,NA,NA
"AURORA_C",1989,0.086217,NA,NA
"AURORA_C",1990,0.063162,NA,NA
"AURORA_C",1991,0.177326,NA,NA
"AURORA_C",1992,0.112072,NA,NA
"AURORA_C",1993,0.443636,NA,NA
"AURORA_C",1994,0.389316,NA,NA
"AURORA_C",1995,0.074907,NA,NA
"AURORA_C",1996,0.140486,NA,NA
"AURORA_C",1997,0.256924,NA,NA
"AURORA_C",1998,0.050254,NA,NA
"AURORA_C",1999,0.532502,NA,NA
"AURORA_C",2000,0.588321,NA,NA
"AUSTIN",1980,-0.01769,NA,NA
"AUSTIN",1981,-0.0452,NA,NA
"AUSTIN",1982,0.07276,NA,NA
"AUSTIN",1983,0.014623,NA,NA
"AUSTIN",1984,-0.02449,NA,NA
"AUSTIN",1985,-0.02557,NA,NA
"AUSTIN",1986,0.164776,NA,NA
"AUSTIN",1987,0.345216,NA,NA
"AUSTIN",1988,0.431391,NA,NA
"AUSTIN",1989,0.595983,NA,NA
"AUSTIN",1990,0.459227,NA,NA
"AUSTIN",1991,0.675892,NA,NA
"AUSTIN",1992,0.403272,NA,NA
"AUSTIN",1993,0.61689,NA,NA
"AUSTIN",1994,0.774847,NA,NA
"AUSTIN",1995,1.045564,NA,NA
"AUSTIN",1996,0.934045,NA,NA
"AUSTIN",1997,0.823386,NA,NA
"AUSTIN",1998,0.802177,NA,NA
"AUSTIN",1999,0.761381,NA,NA
"AUSTIN",2000,0.661213,NA,NA
"BALTIMOR",1980,-0.00905,NA,NA
"BALTIMOR",1981,0.007915,NA,NA
"BALTIMOR",1982,-0.05332,NA,NA
"BALTIMOR",1983,-0.01805,NA,NA
"BALTIMOR",1984,0.072497,NA,NA
"BALTIMOR",1985,0.09458,NA,NA
"BALTIMOR",1986,0.401195,NA,NA
"BALTIMOR",1987,0.419826,NA,NA
"BALTIMOR",1988,1.389434,NA,NA
"BALTIMOR",1989,2.15629,NA,NA
"BALTIMOR",1990,1.389024,NA,NA
"BALTIMOR",1991,0.672613,NA,NA
"BALTIMOR",1992,1.605493,NA,NA
"BALTIMOR",1993,2.640492,NA,NA
"BALTIMOR",1994,3.069624,NA,NA
"BALTIMOR",1995,2.802871,NA,NA
"BALTIMOR",1996,3.311673,NA,NA
"BALTIMOR",1997,2.979915,NA,NA
"BALTIMOR",1998,3.259763,NA,NA
"BALTIMOR",1999,2.937121,NA,NA
"BALTIMOR",2000,1.18365,NA,NA
"BATON_RO",1980,-0.0284,22,33
"BATON_RO",1981,-0.02646,22,33
"BATON_RO",1982,-0.0407,22,33
"BATON_RO",1983,0.041075,22,33
"BATON_RO",1984,0.06825,22,33
"BATON_RO",1985,0.150594,22,33
"BATON_RO",1986,-0.04304,22,33
"BATON_RO",1987,0.123519,22,33
"BATON_RO",1988,0.284579,22,33
"BATON_RO",1989,1.296997,22,33
"BATON_RO",1990,0.716555,22,33
"BATON_RO",1991,0.883519,22,33
"BATON_RO",1992,0.665319,22,33
"BATON_RO",1993,0.851737,22,33
"BATON_RO",1994,0.837561,22,33
"BATON_RO",1995,1.232205,22,33
"BATON_RO",1996,1.301732,22,33
"BATON_RO",1997,1.224385,22,33
"BATON_RO",1998,1.195282,22,33
"BATON_RO",1999,1.578808,22,33
"BATON_RO",2000,0.880111,22,33
"BEAUMON",1980,-0.03506,NA,NA
"BEAUMON",1981,0.019418,NA,NA
"BEAUMON",1982,-0.01379,NA,NA
"BEAUMON",1983,0.022234,NA,NA
"BEAUMON",1984,0.007355,NA,NA
"BEAUMON",1985,0.148434,NA,NA
"BEAUMON",1986,0.096277,NA,NA
"BEAUMON",1987,0.140626,NA,NA
"BEAUMON",1988,0.440522,NA,NA
"BEAUMON",1989,0.160223,NA,NA
"BEAUMON",1990,1.01367,NA,NA
"BEAUMON",1991,0.937039,NA,NA
"BEAUMON",1992,0.786067,NA,NA
"BEAUMON",1993,0,NA,NA
"BEAUMON",1994,0.771504,NA,NA
"BEAUMON",1995,0.845675,NA,NA
"BEAUMON",1996,0.814047,NA,NA
"BEAUMON",1997,0.776873,NA,NA
"BEAUMON",1998,1.097185,NA,NA
"BEAUMON",1999,0.991733,NA,NA
"BEAUMON",2000,0.765869,NA,NA
"BIRMINGH",1980,-0.00406,NA,NA
"BIRMINGH",1981,-0.00723,NA,NA
"BIRMINGH",1982,-0.00507,NA,NA
"BIRMINGH",1983,0.029626,NA,NA
"BIRMINGH",1984,-0.00389,NA,NA
"BIRMINGH",1985,0.081751,NA,NA
"BIRMINGH",1986,0.31517,NA,NA
"BIRMINGH",1987,-0.00588,NA,NA
"BIRMINGH",1988,0.277465,NA,NA
"BIRMINGH",1989,0.418514,NA,NA
"BIRMINGH",1990,0.507763,NA,NA
"BIRMINGH",1991,0.354837,NA,NA
"BIRMINGH",1992,0.129871,NA,NA
"BIRMINGH",1993,0.493246,NA,NA
"BIRMINGH",1994,0.245078,NA,NA
"BIRMINGH",1995,0.430582,NA,NA
"BIRMINGH",1996,0.779612,NA,NA
"BIRMINGH",1997,0.502223,NA,NA
"BIRMINGH",1998,0.533066,NA,NA
"BIRMINGH",1999,0.564093,NA,NA
"BIRMINGH",2000,0.624521,NA,NA
"BOSTON",1980,-0.13203,NA,NA
"BOSTON",1981,0.062505,NA,NA
"BOSTON",1982,-0.21766,NA,NA
"BOSTON",1983,0.001017,NA,NA
"BOSTON",1984,0.310542,NA,NA
"BOSTON",1985,0.912411,NA,NA
"BOSTON",1986,2.323086,NA,NA
"BOSTON",1987,2.474604,NA,NA
"BOSTON",1988,2.969159,NA,NA
"BOSTON",1989,3.661611,NA,NA
"BOSTON",1990,2.701791,NA,NA
"BOSTON",1991,2.643763,NA,NA
"BOSTON",1992,3.067874,NA,NA
"BOSTON",1993,3.810235,NA,NA
"BOSTON",1994,3.917356,NA,NA
"BOSTON",1995,3.783512,NA,NA
"BOSTON",1996,3.3011,NA,NA
"BOSTON",1997,3.50079,NA,NA
"BOSTON",1998,3.085801,NA,NA
"BOSTON",1999,3.111274,NA,NA
"BOSTON",2000,3.128988,NA,NA
"BRIDGEPO",1980,-0.26475,NA,NA
"BRIDGEPO",1981,-0.08665,NA,NA
"BRIDGEPO",1982,0.100001,NA,NA
"BRIDGEPO",1983,0.087532,NA,NA
"BRIDGEPO",1984,0.141019,NA,NA
"BRIDGEPO",1985,0.539685,NA,NA
"BRIDGEPO",1986,1.526634,NA,NA
"BRIDGEPO",1987,1.294608,NA,NA
"BRIDGEPO",1988,1.408952,NA,NA
"BRIDGEPO",1989,1.142723,NA,NA
"BRIDGEPO",1990,1.994029,NA,NA
"BRIDGEPO",1991,1.478916,NA,NA
"BRIDGEPO",1992,2.376929,NA,NA
"BRIDGEPO",1993,2.918365,NA,NA
"BRIDGEPO",1994,2.530772,NA,NA
"BRIDGEPO",1995,2.578175,NA,NA
"BRIDGEPO",1996,2.856334,NA,NA
"BRIDGEPO",1997,2.311386,NA,NA
"BRIDGEPO",1998,2.812672,NA,NA
"BRIDGEPO",1999,2.731658,NA,NA
"BRIDGEPO",2000,2.208054,NA,NA
"BUFFALO",1980,0.016406,NA,NA
"BUFFALO",1981,-0.27004,NA,NA
"BUFFALO",1982,-0.05348,NA,NA
"BUFFALO",1983,0.176717,NA,NA
"BUFFALO",1984,0.094466,NA,NA
"BUFFALO",1985,0.536343,NA,NA
"BUFFALO",1986,0.396571,NA,NA
"BUFFALO",1987,1.474071,NA,NA
"BUFFALO",1988,1.543618,NA,NA
"BUFFALO",1989,2.686898,NA,NA
"BUFFALO",1990,2.328332,NA,NA
"BUFFALO",1991,3.223206,NA,NA
"BUFFALO",1992,3.979879,NA,NA
"BUFFALO",1993,4.375447,NA,NA
"BUFFALO",1994,4.56423,NA,NA
"BUFFALO",1995,4.341214,NA,NA
"BUFFALO",1996,5.010047,NA,NA
"BUFFALO",1997,4.563145,NA,NA
"BUFFALO",1998,3.93673,NA,NA
"BUFFALO",1999,3.438927,NA,NA
"BUFFALO",2000,3.21348,NA,NA
"CEDAR_RA",1980,0.034284,NA,NA
"CEDAR_RA",1981,-0.02647,NA,NA
"CEDAR_RA",1982,0.004023,NA,NA
"CEDAR_RA",1983,0,NA,NA
"CEDAR_RA",1984,-0.01209,NA,NA
"CEDAR_RA",1985,-0.03461,NA,NA
"CEDAR_RA",1986,-0.03433,NA,NA
"CEDAR_RA",1987,0,NA,NA
"CEDAR_RA",1988,0,NA,NA
"CEDAR_RA",1989,-0.01335,NA,NA
"CEDAR_RA",1990,0.179874,NA,NA
"CEDAR_RA",1991,0.045211,NA,NA
"CEDAR_RA",1992,0.044861,NA,NA
"CEDAR_RA",1993,0,NA,NA
"CEDAR_RA",1994,0.099502,NA,NA
"CEDAR_RA",1995,0.04536,NA,NA
"CEDAR_RA",1996,0.043516,NA,NA
"CEDAR_RA",1997,0.043192,NA,NA
"CEDAR_RA",1998,0.042873,NA,NA
"CEDAR_RA",1999,0.046718,NA,NA
"CEDAR_RA",2000,0.059742,NA,NA
"CHARLOTT",1980,-0.07472,NA,NA
"CHARLOTT",1981,-0.05018,NA,NA
"CHARLOTT",1982,0.003832,NA,NA
"CHARLOTT",1983,0.035772,NA,NA
"CHARLOTT",1984,0.085858,NA,NA
"CHARLOTT",1985,0.426596,NA,NA
"CHARLOTT",1986,0.54256,NA,NA
"CHARLOTT",1987,0.776122,NA,NA
"CHARLOTT",1988,1.579873,NA,NA
"CHARLOTT",1989,2.273036,NA,NA
"CHARLOTT",1990,1.952775,NA,NA
"CHARLOTT",1991,2.002132,NA,NA
"CHARLOTT",1992,1.472129,NA,NA
"CHARLOTT",1993,1.221898,NA,NA
"CHARLOTT",1994,1.823735,NA,NA
"CHARLOTT",1995,0.425883,NA,NA
"CHARLOTT",1996,0.516611,NA,NA
"CHARLOTT",1997,0.352346,NA,NA
"CHARLOTT",1998,0.491884,NA,NA
"CHARLOTT",1999,0.367246,NA,NA
"CHARLOTT",2000,0.433631,NA,NA
"CHATTANO",1980,-0.01075,NA,NA
"CHATTANO",1981,-0.00095,NA,NA
"CHATTANO",1982,-0.00617,NA,NA
"CHATTANO",1983,0.012647,NA,NA
"CHATTANO",1984,0.005333,NA,NA
"CHATTANO",1985,0.02435,NA,NA
"CHATTANO",1986,0.118113,NA,NA
"CHATTANO",1987,0.053747,NA,NA
"CHATTANO",1988,0.126651,NA,NA
"CHATTANO",1989,0.064076,NA,NA
"CHATTANO",1990,0.032422,NA,NA
"CHATTANO",1991,0.032452,NA,NA
"CHATTANO",1992,0,NA,NA
"CHATTANO",1993,0.500772,NA,NA
"CHATTANO",1994,0.493144,NA,NA
"CHATTANO",1995,0.681204,NA,NA
"CHATTANO",1996,0.487405,NA,NA
"CHATTANO",1997,0.829479,NA,NA
"CHATTANO",1998,0.004135,NA,NA
"CHATTANO",1999,0.882051,NA,NA
"CHATTANO",2000,0.522582,NA,NA
"CHESAPEA",1980,0,NA,NA
"CHESAPEA",1981,-0.00815,NA,NA
"CHESAPEA",1982,-0.01777,NA,NA
"CHESAPEA",1983,0.001694,NA,NA
"CHESAPEA",1984,0.036016,NA,NA
"CHESAPEA",1985,0.093013,NA,NA
"CHESAPEA",1986,0.207008,NA,NA
"CHESAPEA",1987,0.608799,NA,NA
"CHESAPEA",1988,1.210541,NA,NA
"CHESAPEA",1989,1.333727,NA,NA
"CHESAPEA",1990,1.524808,NA,NA
"CHESAPEA",1991,0.936782,NA,NA
"CHESAPEA",1992,1.269709,NA,NA
"CHESAPEA",1993,1.494023,NA,NA
"CHESAPEA",1994,1.167726,NA,NA
"CHESAPEA",1995,1.071559,NA,NA
"CHESAPEA",1996,0.951541,NA,NA
"CHESAPEA",1997,0.725328,NA,NA
"CHESAPEA",1998,0.726405,NA,NA
"CHESAPEA",1999,1.183671,NA,NA
"CHESAPEA",2000,0.942749,NA,NA
"CHICAGO",1980,-0.0163,NA,NA
"CHICAGO",1981,-0.07172,NA,NA
"CHICAGO",1982,-0.02411,NA,NA
"CHICAGO",1983,0.00975,NA,NA
"CHICAGO",1984,0.09613,NA,NA
"CHICAGO",1985,0.133689,NA,NA
"CHICAGO",1986,0.528836,NA,NA
"CHICAGO",1987,0.797083,NA,NA
"CHICAGO",1988,1.357457,NA,NA
"CHICAGO",1989,2.689393,NA,NA
"CHICAGO",1990,1.479372,NA,NA
"CHICAGO",1991,1.411938,NA,NA
"CHICAGO",1992,1.423711,NA,NA
"CHICAGO",1993,1.795563,NA,NA
"CHICAGO",1994,1.853358,NA,NA
"CHICAGO",1995,1.661776,NA,NA
"CHICAGO",1996,1.840763,NA,NA
"CHICAGO",1997,1.804744,NA,NA
"CHICAGO",1998,2.099221,NA,NA
"CHICAGO",1999,2.280913,NA,NA
"CHICAGO",2000,2.283949,NA,NA
"CINCINNA",1980,-0.02105,NA,NA
"CINCINNA",1981,-0.07141,NA,NA
"CINCINNA",1982,-0.05951,NA,NA
"CINCINNA",1983,0.168669,NA,NA
"CINCINNA",1984,-0.01639,NA,NA
"CINCINNA",1985,0.203094,NA,NA
"CINCINNA",1986,0.326841,NA,NA
"CINCINNA",1987,0.318536,NA,NA
"CINCINNA",1988,0.742862,NA,NA
"CINCINNA",1989,1.400728,NA,NA
"CINCINNA",1990,1.056921,NA,NA
"CINCINNA",1991,1.165808,NA,NA
"CINCINNA",1992,1.236147,NA,NA
"CINCINNA",1993,1.234342,NA,NA
"CINCINNA",1994,1.511979,NA,NA
"CINCINNA",1995,1.24932,NA,NA
"CINCINNA",1996,1.661214,NA,NA
"CINCINNA",1997,0.462183,NA,NA
"CINCINNA",1998,0.623466,NA,NA
"CINCINNA",1999,0.647005,NA,NA
"CINCINNA",2000,1.181024,NA,NA
"CLEVELAN",1980,-0.00473,NA,NA
"CLEVELAN",1981,0.03421,NA,NA
"CLEVELAN",1982,0.04431,NA,NA
"CLEVELAN",1983,0.025244,NA,NA
"CLEVELAN",1984,-0.09904,NA,NA
"CLEVELAN",1985,0.044836,NA,NA
"CLEVELAN",1986,0.751677,NA,NA
"CLEVELAN",1987,0.817007,NA,NA
"CLEVELAN",1988,1.613784,NA,NA
"CLEVELAN",1989,2.934589,NA,NA
"CLEVELAN",1990,2.456779,NA,NA
"CLEVELAN",1991,2.409103,NA,NA
"CLEVELAN",1992,2.455258,NA,NA
"CLEVELAN",1993,2.425762,NA,NA
"CLEVELAN",1994,2.619309,NA,NA
"CLEVELAN",1995,2.776228,NA,NA
"CLEVELAN",1996,2.657853,NA,NA
"CLEVELAN",1997,1.835164,NA,NA
"CLEVELAN",1998,2.141648,NA,NA
"CLEVELAN",1999,0.590476,NA,NA
"CLEVELAN",2000,0.837476,NA,NA
"COLORAD",1980,-0.01706,NA,NA
"COLORAD",1981,0.074111,NA,NA
"COLORAD",1982,-0.03748,NA,NA
"COLORAD",1983,0.017433,NA,NA
"COLORAD",1984,-0.01647,NA,NA
"COLORAD",1985,-0.02533,NA,NA
"COLORAD",1986,0.064654,NA,NA
"COLORAD",1987,0.077491,NA,NA
"COLORAD",1988,0.340685,NA,NA
"COLORAD",1989,0.108778,NA,NA
"COLORAD",1990,0.095529,NA,NA
"COLORAD",1991,0.162167,NA,NA
"COLORAD",1992,0.188897,NA,NA
"COLORAD",1993,0.30777,NA,NA
"COLORAD",1994,0.25224,NA,NA
"COLORAD",1995,0.04144,NA,NA
"COLORAD",1996,0.020465,NA,NA
"COLORAD",1997,0.073872,NA,NA
"COLORAD",1998,0.072902,NA,NA
"COLORAD",1999,0.509949,NA,NA
"COLORAD",2000,0.230955,NA,NA
"COLUMBU",1980,-0.02189,NA,NA
"COLUMBU",1981,-0.00336,NA,NA
"COLUMBU",1982,0.018175,NA,NA
"COLUMBU",1983,-0.01932,NA,NA
"COLUMBU",1984,0.026391,NA,NA
"COLUMBU",1985,0.00657,NA,NA
"COLUMBU",1986,0.057796,NA,NA
"COLUMBU",1987,0.107129,NA,NA
"COLUMBU",1988,0.393007,NA,NA
"COLUMBU",1989,0.297931,NA,NA
"COLUMBU",1990,0.362083,NA,NA
"COLUMBU",1991,0.409606,NA,NA
"COLUMBU",1992,0.331926,NA,NA
"COLUMBU",1993,0.456999,NA,NA
"COLUMBU",1994,0.518737,NA,NA
"COLUMBU",1995,0.387506,NA,NA
"COLUMBU",1996,0.294073,NA,NA
"COLUMBU",1997,0.399172,NA,NA
"COLUMBU",1998,0.317855,NA,NA
"COLUMBU",1999,0.56414,NA,NA
"COLUMBU",2000,0.541386,NA,NA
"COLUMBU",1980,-0.01784,NA,NA
"COLUMBU",1981,-0.01587,NA,NA
"COLUMBU",1982,0.017219,NA,NA
"COLUMBU",1983,0.018812,NA,NA
"COLUMBU",1984,0.009087,NA,NA
"COLUMBU",1985,0.032861,NA,NA
"COLUMBU",1986,0.402272,NA,NA
"COLUMBU",1987,0.329812,NA,NA
"COLUMBU",1988,1.167829,NA,NA
"COLUMBU",1989,2.120227,NA,NA
"COLUMBU",1990,2.189195,NA,NA
"COLUMBU",1991,1.790231,NA,NA
"COLUMBU",1992,2.046464,NA,NA
"COLUMBU",1993,2.276469,NA,NA
"COLUMBU",1994,2.491495,NA,NA
"COLUMBU",1995,2.123155,NA,NA
"COLUMBU",1996,2.13708,NA,NA
"COLUMBU",1997,2.144171,NA,NA
"COLUMBU",1998,2.440782,NA,NA
"COLUMBU",1999,2.430838,NA,NA
"COLUMBU",2000,2.198447,NA,NA
"CORPUS_C",1980,-0.00279,48,7
"CORPUS_C",1981,-0.00471,48,7
"CORPUS_C",1982,-0.00567,48,7
"CORPUS_C",1983,0.018859,48,7
"CORPUS_C",1984,-0.00568,48,7
"CORPUS_C",1985,-0.00662,48,7
"CORPUS_C",1986,-0.00382,48,7
"CORPUS_C",1987,0.01939,48,7
"CORPUS_C",1988,0.098168,48,7
"CORPUS_C",1989,0.044532,48,7
"CORPUS_C",1990,0.01859,48,7
"CORPUS_C",1991,0.09306,48,7
"CORPUS_C",1992,0.046234,48,7
"CORPUS_C",1993,0.165837,48,7
"CORPUS_C",1994,0.093272,48,7
"CORPUS_C",1995,0.115882,48,7
"CORPUS_C",1996,0.070908,48,7
"CORPUS_C",1997,0.067832,48,7
"CORPUS_C",1998,0.067261,48,7
"CORPUS_C",1999,0.16376,48,7
"CORPUS_C",2000,0.156431,48,7
"DALLAS",1980,-0.09604,NA,NA
"DALLAS",1981,0.043955,NA,NA
"DALLAS",1982,-0.07572,NA,NA
"DALLAS",1983,0.023989,NA,NA
"DALLAS",1984,0.103821,NA,NA
"DALLAS",1985,0.161234,NA,NA
"DALLAS",1986,0.888158,NA,NA
"DALLAS",1987,0.90458,NA,NA
"DALLAS",1988,1.254121,NA,NA
"DALLAS",1989,1.946304,NA,NA
"DALLAS",1990,1.337134,NA,NA
"DALLAS",1991,1.652079,NA,NA
"DALLAS",1992,1.728887,NA,NA
"DALLAS",1993,1.88391,NA,NA
"DALLAS",1994,1.833981,NA,NA
"DALLAS",1995,1.559734,NA,NA
"DALLAS",1996,2.091252,NA,NA
"DALLAS",1997,1.951079,NA,NA
"DALLAS",1998,2.228202,NA,NA
"DALLAS",1999,2.257354,NA,NA
"DALLAS",2000,2.1034,NA,NA
"DAYTON",1980,-0.02351,NA,NA
"DAYTON",1981,-0.01819,NA,NA
"DAYTON",1982,-0.00203,NA,NA
"DAYTON",1983,0.023993,NA,NA
"DAYTON",1984,0.020115,NA,NA
"DAYTON",1985,0.028267,NA,NA
"DAYTON",1986,0.068819,NA,NA
"DAYTON",1987,0.265105,NA,NA
"DAYTON",1988,0.616433,NA,NA
"DAYTON",1989,0.720584,NA,NA
"DAYTON",1990,0.554798,NA,NA
"DAYTON",1991,0.364268,NA,NA
"DAYTON",1992,0.27327,NA,NA
"DAYTON",1993,0.435361,NA,NA
"DAYTON",1994,0.311377,NA,NA
"DAYTON",1995,0.602606,NA,NA
"DAYTON",1996,0.598278,NA,NA
"DAYTON",1997,0.837759,NA,NA
"DAYTON",1998,1.720368,NA,NA
"DAYTON",1999,2.077832,NA,NA
"DAYTON",2000,1.578597,NA,NA
"DENVER",1980,0.011186,NA,NA
"DENVER",1981,-0.0489,NA,NA
"DENVER",1982,0.040468,NA,NA
"DENVER",1983,-0.04378,NA,NA
"DENVER",1984,0.033942,NA,NA
"DENVER",1985,0.17596,NA,NA
"DENVER",1986,1.079878,NA,NA
"DENVER",1987,1.013902,NA,NA
"DENVER",1988,1.599861,NA,NA
"DENVER",1989,1.322309,NA,NA
"DENVER",1990,1.267155,NA,NA
"DENVER",1991,1.942532,NA,NA
"DENVER",1992,1.675361,NA,NA
"DENVER",1993,1.57151,NA,NA
"DENVER",1994,3.810823,NA,NA
"DENVER",1995,4.05935,NA,NA
"DENVER",1996,3.556193,NA,NA
"DENVER",1997,2.02836,NA,NA
"DENVER",1998,2.969878,NA,NA
"DENVER",1999,3.112083,NA,NA
"DENVER",2000,2.785378,NA,NA
"DES_MOIN",1980,-0.01684,NA,NA
"DES_MOIN",1981,-0.01509,NA,NA
"DES_MOIN",1982,0.012278,NA,NA
"DES_MOIN",1983,0.040029,NA,NA
"DES_MOIN",1984,-0.01559,NA,NA
"DES_MOIN",1985,-0.01368,NA,NA
"DES_MOIN",1986,0.949931,NA,NA
"DES_MOIN",1987,0.255482,NA,NA
"DES_MOIN",1988,0.927453,NA,NA
"DES_MOIN",1989,1.084045,NA,NA
"DES_MOIN",1990,0.856191,NA,NA
"DES_MOIN",1991,0.386621,NA,NA
"DES_MOIN",1992,0.079918,NA,NA
"DES_MOIN",1993,0.104491,NA,NA
"DES_MOIN",1994,0.071648,NA,NA
"DES_MOIN",1995,0.121826,NA,NA
"DES_MOIN",1996,0.464383,NA,NA
"DES_MOIN",1997,0.444811,NA,NA
"DES_MOIN",1998,0.591549,NA,NA
"DES_MOIN",1999,0.624826,NA,NA
"DES_MOIN",2000,0.425779,NA,NA
"DETROIT",1980,0.027214,NA,NA
"DETROIT",1981,-0.056,NA,NA
"DETROIT",1982,-0.03892,NA,NA
"DETROIT",1983,-0.00382,NA,NA
"DETROIT",1984,0.064415,NA,NA
"DETROIT",1985,0.126334,NA,NA
"DETROIT",1986,1.001689,NA,NA
"DETROIT",1987,1.544543,NA,NA
"DETROIT",1988,2.060788,NA,NA
"DETROIT",1989,1.938905,NA,NA
"DETROIT",1990,1.356048,NA,NA
"DETROIT",1991,1.32535,NA,NA
"DETROIT",1992,1.710148,NA,NA
"DETROIT",1993,2.100145,NA,NA
"DETROIT",1994,1.942961,NA,NA
"DETROIT",1995,2.048675,NA,NA
"DETROIT",1996,2.037796,NA,NA
"DETROIT",1997,1.73929,NA,NA
"DETROIT",1998,1.894333,NA,NA
"DETROIT",1999,1.621019,NA,NA
"DETROIT",2000,2.057444,NA,NA
"DURHAM",1980,-0.01157,NA,NA
"DURHAM",1981,-0.01282,NA,NA
"DURHAM",1982,-0.08942,NA,NA
"DURHAM",1983,0.102556,NA,NA
"DURHAM",1984,0.02953,NA,NA
"DURHAM",1985,-0.06043,NA,NA
"DURHAM",1986,-0.08388,NA,NA
"DURHAM",1987,0.088285,NA,NA
"DURHAM",1988,0.229506,NA,NA
"DURHAM",1989,0.186054,NA,NA
"DURHAM",1990,0.398976,NA,NA
"DURHAM",1991,0.369183,NA,NA
"DURHAM",1992,0.375502,NA,NA
"DURHAM",1993,0.512574,NA,NA
"DURHAM",1994,1.157932,NA,NA
"DURHAM",1995,0.832758,NA,NA
"DURHAM",1996,0.901941,NA,NA
"DURHAM",1997,0.892457,NA,NA
"DURHAM",1998,0.95756,NA,NA
"DURHAM",1999,0.379683,NA,NA
"DURHAM",2000,0.597018,NA,NA
"EL_PASO",1980,-0.03939,NA,NA
"EL_PASO",1981,-0.05661,NA,NA
"EL_PASO",1982,-0.0164,NA,NA
"EL_PASO",1983,-0.00904,NA,NA
"EL_PASO",1984,0.116408,NA,NA
"EL_PASO",1985,0.674602,NA,NA
"EL_PASO",1986,0.466829,NA,NA
"EL_PASO",1987,1.036634,NA,NA
"EL_PASO",1988,0.427232,NA,NA
"EL_PASO",1989,2.406964,NA,NA
"EL_PASO",1990,0.800417,NA,NA
"EL_PASO",1991,1.80053,NA,NA
"EL_PASO",1992,1.458501,NA,NA
"EL_PASO",1993,1.346699,NA,NA
"EL_PASO",1994,2.332666,NA,NA
"EL_PASO",1995,2.268699,NA,NA
"EL_PASO",1996,1.853892,NA,NA
"EL_PASO",1997,1.435496,NA,NA
"EL_PASO",1998,1.587771,NA,NA
"EL_PASO",1999,1.511956,NA,NA
"EL_PASO",2000,1.300001,NA,NA
"ERIE",1980,-0.012,NA,NA
"ERIE",1981,-0.01864,NA,NA
"ERIE",1982,-0.02783,NA,NA
"ERIE",1983,0.075683,NA,NA
"ERIE",1984,-0.03169,NA,NA
"ERIE",1985,-0.00852,NA,NA
"ERIE",1986,-0.02152,NA,NA
"ERIE",1987,0.065787,NA,NA
"ERIE",1988,0.310105,NA,NA
"ERIE",1989,0.630978,NA,NA
"ERIE",1990,0.047197,NA,NA
"ERIE",1991,0.334984,NA,NA
"ERIE",1992,0.517067,NA,NA
"ERIE",1993,0.611071,NA,NA
"ERIE",1994,0.341167,NA,NA
"ERIE",1995,0.36239,NA,NA
"ERIE",1996,0.394591,NA,NA
"ERIE",1997,0.517953,NA,NA
"ERIE",1998,0.584266,NA,NA
"ERIE",1999,0.519787,NA,NA
"ERIE",2000,0.882327,NA,NA
"EUGENE",1980,-0.00345,41,101
"EUGENE",1981,0.025051,41,101
"EUGENE",1982,-0.01097,41,101
"EUGENE",1983,-0.01071,41,101
"EUGENE",1984,-0.01508,41,101
"EUGENE",1985,0.009,41,101
"EUGENE",1986,0.016404,41,101
"EUGENE",1987,0.021885,41,101
"EUGENE",1988,0.03802,41,101
"EUGENE",1989,0.066239,41,101
"EUGENE",1990,0.132502,41,101
"EUGENE",1991,0.402986,41,101
"EUGENE",1992,0.488426,41,101
"EUGENE",1993,0.569035,41,101
"EUGENE",1994,0.766719,41,101
"EUGENE",1995,0.589194,41,101
"EUGENE",1996,0.515083,41,101
"EUGENE",1997,0.549552,41,101
"EUGENE",1998,0.392409,41,101
"EUGENE",1999,0.510094,41,101
"EUGENE",2000,0.421531,41,101
"EVANSVIL",1980,-0.00101,NA,NA
"EVANSVIL",1981,-0.00465,NA,NA
"EVANSVIL",1982,0.004476,NA,NA
"EVANSVIL",1983,0.000125,NA,NA
"EVANSVIL",1984,0.001084,NA,NA
"EVANSVIL",1985,-0.01943,NA,NA
"EVANSVIL",1986,0.088503,NA,NA
"EVANSVIL",1987,0.127821,NA,NA
"EVANSVIL",1988,0.045243,NA,NA
"EVANSVIL",1989,0.055171,NA,NA
"EVANSVIL",1990,0.095332,NA,NA
"EVANSVIL",1991,0.063167,NA,NA
"EVANSVIL",1992,0.214936,NA,NA
"EVANSVIL",1993,0.037099,NA,NA
"EVANSVIL",1994,0.070749,NA,NA
"EVANSVIL",1995,0.254073,NA,NA
"EVANSVIL",1996,0.081448,NA,NA
"EVANSVIL",1997,0.157645,NA,NA
"EVANSVIL",1998,0.042275,NA,NA
"EVANSVIL",1999,0.328929,NA,NA
"EVANSVIL",2000,0.062527,NA,NA
"FLINT",1980,-0.04934,NA,NA
"FLINT",1981,0.061036,NA,NA
"FLINT",1982,-0.04,NA,NA
"FLINT",1983,-0.03533,NA,NA
"FLINT",1984,0.062908,NA,NA
"FLINT",1985,-0.02102,NA,NA
"FLINT",1986,0.095497,NA,NA
"FLINT",1987,0.273518,NA,NA
"FLINT",1988,0.707441,NA,NA
"FLINT",1989,1.020516,NA,NA
"FLINT",1990,0.884258,NA,NA
"FLINT",1991,0.93391,NA,NA
"FLINT",1992,0.705417,NA,NA
"FLINT",1993,0.639412,NA,NA
"FLINT",1994,0.46386,NA,NA
"FLINT",1995,0.399325,NA,NA
"FLINT",1996,0.488893,NA,NA
"FLINT",1997,0.442802,NA,NA
"FLINT",1998,0.484881,NA,NA
"FLINT",1999,0.504782,NA,NA
"FLINT",2000,0.466028,NA,NA
"FORT_LAU",1980,-0.09248,12,11
"FORT_LAU",1981,-0.1936,12,11
"FORT_LAU",1982,-0.176,12,11
"FORT_LAU",1983,0.001347,12,11
"FORT_LAU",1984,0.501699,12,11
"FORT_LAU",1985,0.254318,12,11
"FORT_LAU",1986,1.558261,12,11
"FORT_LAU",1987,2.125298,12,11
"FORT_LAU",1988,0.451627,12,11
"FORT_LAU",1989,0.667807,12,11
"FORT_LAU",1990,1.695347,12,11
"FORT_LAU",1991,2.17886,12,11
"FORT_LAU",1992,1.823653,12,11
"FORT_LAU",1993,2.529119,12,11
"FORT_LAU",1994,3.144236,12,11
"FORT_LAU",1995,2.604957,12,11
"FORT_LAU",1996,0.378695,12,11
"FORT_LAU",1997,0.343309,12,11
"FORT_LAU",1998,0.593934,12,11
"FORT_LAU",1999,0.224508,12,11
"FORT_LAU",2000,0.640338,12,11
"FORT_WAY",1980,0.005803,18,3
"FORT_WAY",1981,0.00136,18,3
"FORT_WAY",1982,0,18,3
"FORT_WAY",1983,0,18,3
"FORT_WAY",1984,-0.00535,18,3
"FORT_WAY",1985,0,18,3
"FORT_WAY",1986,0.078854,18,3
"FORT_WAY",1987,-0.00218,18,3
"FORT_WAY",1988,0.154946,18,3
"FORT_WAY",1989,1.605456,18,3
"FORT_WAY",1990,1.394985,18,3
"FORT_WAY",1991,0.359248,18,3
"FORT_WAY",1992,0.467905,18,3
"FORT_WAY",1993,0.737566,18,3
"FORT_WAY",1994,1.141135,18,3
"FORT_WAY",1995,0.597323,18,3
"FORT_WAY",1996,0.760352,18,3
"FORT_WAY",1997,1.024315,18,3
"FORT_WAY",1998,0.831843,18,3
"FORT_WAY",1999,1.050685,18,3
"FORT_WAY",2000,0.551877,18,3
"FORT_WOR",1980,-0.03653,48,121
"FORT_WOR",1981,0.027805,48,121
"FORT_WOR",1982,-0.02892,48,121
"FORT_WOR",1983,-0.00842,48,121
"FORT_WOR",1984,0.053664,48,121
"FORT_WOR",1985,0.272982,48,121
"FORT_WOR",1986,1.116021,48,121
"FORT_WOR",1987,0.994181,48,121
"FORT_WOR",1988,1.97314,48,121
"FORT_WOR",1989,2.484019,48,121
"FORT_WOR",1990,1.877378,48,121
"FORT_WOR",1991,1.304892,48,121
"FORT_WOR",1992,1.994726,48,121
"FORT_WOR",1993,2.067863,48,121
"FORT_WOR",1994,2.044582,48,121
"FORT_WOR",1995,1.781512,48,121
"FORT_WOR",1996,2.491369,48,121
"FORT_WOR",1997,1.521842,48,121
"FORT_WOR",1998,1.552763,48,121
"FORT_WOR",1999,1.677274,48,121
"FORT_WOR",2000,1.448563,48,121
"FREMONT",1980,-0.11587,NA,NA
"FREMONT",1981,-0.14407,NA,NA
"FREMONT",1982,0.042273,NA,NA
"FREMONT",1983,0.061007,NA,NA
"FREMONT",1984,0.100276,NA,NA
"FREMONT",1985,0.213774,NA,NA
"FREMONT",1986,0.044451,NA,NA
"FREMONT",1987,0.167495,NA,NA
"FREMONT",1988,0.366073,NA,NA
"FREMONT",1989,0.793851,NA,NA
"FREMONT",1990,0.282376,NA,NA
"FREMONT",1991,0.316104,NA,NA
"FREMONT",1992,0.396462,NA,NA
"FREMONT",1993,0.296385,NA,NA
"FREMONT",1994,0.581191,NA,NA
"FREMONT",1995,0.414345,NA,NA
"FREMONT",1996,0.337433,NA,NA
"FREMONT",1997,0.684556,NA,NA
"FREMONT",1998,0.477578,NA,NA
"FREMONT",1999,0.40588,NA,NA
"FREMONT",2000,0.369493,NA,NA
"FRESNO",1980,-0.09773,NA,NA
"FRESNO",1981,0.130661,NA,NA
"FRESNO",1982,-0.12873,NA,NA
"FRESNO",1983,0.028847,NA,NA
"FRESNO",1984,0.064178,NA,NA
"FRESNO",1985,0.301718,NA,NA
"FRESNO",1986,0.661413,NA,NA
"FRESNO",1987,0.82613,NA,NA
"FRESNO",1988,1.24974,NA,NA
"FRESNO",1989,1.481683,NA,NA
"FRESNO",1990,1.312625,NA,NA
"FRESNO",1991,1.375422,NA,NA
"FRESNO",1992,1.836553,NA,NA
"FRESNO",1993,1.519475,NA,NA
"FRESNO",1994,1.547792,NA,NA
"FRESNO",1995,1.003611,NA,NA
"FRESNO",1996,0.936806,NA,NA
"FRESNO",1997,0.816538,NA,NA
"FRESNO",1998,0.848897,NA,NA
"FRESNO",1999,0.661914,NA,NA
"FRESNO",2000,0.46933,NA,NA
"GARLAND",1980,-0.04799,NA,NA
"GARLAND",1981,NA,NA,NA
"GARLAND",1982,0.029656,NA,NA
"GARLAND",1983,0.029819,NA,NA
"GARLAND",1984,0.035565,NA,NA
"GARLAND",1985,0.013463,NA,NA
"GARLAND",1986,0.326991,NA,NA
"GARLAND",1987,0.82472,NA,NA
"GARLAND",1988,1.288242,NA,NA
"GARLAND",1989,0.996211,NA,NA
"GARLAND",1990,1.665231,NA,NA
"GARLAND",1991,1.040336,NA,NA
"GARLAND",1992,0.912633,NA,NA
"GARLAND",1993,0.579451,NA,NA
"GARLAND",1994,0.381129,NA,NA
"GARLAND",1995,0.70625,NA,NA
"GARLAND",1996,0.875473,NA,NA
"GARLAND",1997,0.899626,NA,NA
"GARLAND",1998,0.50307,NA,NA
"GARLAND",1999,1.188275,NA,NA
"GARLAND",2000,0.845608,NA,NA
"GARY",1980,0.012877,NA,NA
"GARY",1981,0,NA,NA
"GARY",1982,0,NA,NA
"GARY",1983,-0.01261,NA,NA
"GARY",1984,0,NA,NA
"GARY",1985,0.042489,NA,NA
"GARY",1986,0,NA,NA
"GARY",1987,0.04866,NA,NA
"GARY",1988,0.140787,NA,NA
"GARY",1989,0.241643,NA,NA
"GARY",1990,0.241921,NA,NA
"GARY",1991,0.338963,NA,NA
"GARY",1992,0.068643,NA,NA
"GARY",1993,0.988396,NA,NA
"GARY",1994,1.193979,NA,NA
"GARY",1995,0.908572,NA,NA
"GARY",1996,0.658282,NA,NA
"GARY",1997,1.199633,NA,NA
"GARY",1998,1.295797,NA,NA
"GARY",1999,1.080567,NA,NA
"GARY",2000,0.04946,NA,NA
"GLENDALE",1980,NA,NA,NA
"GLENDALE",1981,NA,NA,NA
"GLENDALE",1982,NA,NA,NA
"GLENDALE",1983,0,NA,NA
"GLENDALE",1984,0,NA,NA
"GLENDALE",1985,-0.00248,NA,NA
"GLENDALE",1986,0.038236,NA,NA
"GLENDALE",1987,0.03543,NA,NA
"GLENDALE",1988,0.041156,NA,NA
"GLENDALE",1989,0.064526,NA,NA
"GLENDALE",1990,0.033727,NA,NA
"GLENDALE",1991,0.043794,NA,NA
"GLENDALE",1992,0.043958,NA,NA
"GLENDALE",1993,0.012573,NA,NA
"GLENDALE",1994,0.027924,NA,NA
"GLENDALE",1995,0.013839,NA,NA
"GLENDALE",1996,0.036208,NA,NA
"GLENDALE",1997,0.040008,NA,NA
"GLENDALE",1998,0.046283,NA,NA
"GLENDALE",1999,0.05672,NA,NA
"GLENDALE",2000,0.074951,NA,NA
"GRAND_RA",1980,-0.06511,NA,NA
"GRAND_RA",1981,-0.06176,NA,NA
"GRAND_RA",1982,-0.03317,NA,NA
"GRAND_RA",1983,0.088987,NA,NA
"GRAND_RA",1984,0.072215,NA,NA
"GRAND_RA",1985,0.056107,NA,NA
"GRAND_RA",1986,0.12078,NA,NA
"GRAND_RA",1987,0.284895,NA,NA
"GRAND_RA",1988,0.546156,NA,NA
"GRAND_RA",1989,0.944161,NA,NA
"GRAND_RA",1990,0.753834,NA,NA
"GRAND_RA",1991,0.875992,NA,NA
"GRAND_RA",1992,0.649152,NA,NA
"GRAND_RA",1993,0.490762,NA,NA
"GRAND_RA",1994,0.680537,NA,NA
"GRAND_RA",1995,0.424614,NA,NA
"GRAND_RA",1996,0.677082,NA,NA
"GRAND_RA",1997,0.488892,NA,NA
"GRAND_RA",1998,0.54557,NA,NA
"GRAND_RA",1999,0.560112,NA,NA
"GRAND_RA",2000,0.112423,NA,NA
"GREENSB",1980,-0.02998,NA,NA
"GREENSB",1981,-0.04059,NA,NA
"GREENSB",1982,-0.04518,NA,NA
"GREENSB",1983,0.021483,NA,NA
"GREENSB",1984,0.086731,NA,NA
"GREENSB",1985,0.105705,NA,NA
"GREENSB",1986,0.127774,NA,NA
"GREENSB",1987,0.061275,NA,NA
"GREENSB",1988,0.058655,NA,NA
"GREENSB",1989,0.971688,NA,NA
"GREENSB",1990,1.742082,NA,NA
"GREENSB",1991,0.513347,NA,NA
"GREENSB",1992,2.703355,NA,NA
"GREENSB",1993,1.382745,NA,NA
"GREENSB",1994,0.877831,NA,NA
"GREENSB",1995,1.253413,NA,NA
"GREENSB",1996,1.166029,NA,NA
"GREENSB",1997,1.341378,NA,NA
"GREENSB",1998,1.310015,NA,NA
"GREENSB",1999,1.019951,NA,NA
"GREENSB",2000,1.345908,NA,NA
"HAMPTON",1980,-0.01027,NA,NA
"HAMPTON",1981,-0.16918,NA,NA
"HAMPTON",1982,-0.0725,NA,NA
"HAMPTON",1983,0.217812,NA,NA
"HAMPTON",1984,0.040398,NA,NA
"HAMPTON",1985,0.533466,NA,NA
"HAMPTON",1986,0.621444,NA,NA
"HAMPTON",1987,0.688168,NA,NA
"HAMPTON",1988,0.480135,NA,NA
"HAMPTON",1989,1.170638,NA,NA
"HAMPTON",1990,1.092696,NA,NA
"HAMPTON",1991,0.843941,NA,NA
"HAMPTON",1992,1.604952,NA,NA
"HAMPTON",1993,1.763067,NA,NA
"HAMPTON",1994,1.862712,NA,NA
"HAMPTON",1995,1.966108,NA,NA
"HAMPTON",1996,2.074473,NA,NA
"HAMPTON",1997,1.744088,NA,NA
"HAMPTON",1998,1.162152,NA,NA
"HAMPTON",1999,1.627787,NA,NA
"HAMPTON",2000,2.06818,NA,NA
"HARTFOR",1980,0.144528,NA,NA
"HARTFOR",1981,-0.02636,NA,NA
"HARTFOR",1982,-0.04143,NA,NA
"HARTFOR",1983,-0.04053,NA,NA
"HARTFOR",1984,-0.03622,NA,NA
"HARTFOR",1985,-0.01394,NA,NA
"HARTFOR",1986,0.301004,NA,NA
"HARTFOR",1987,0.292784,NA,NA
"HARTFOR",1988,0.608763,NA,NA
"HARTFOR",1989,0.605349,NA,NA
"HARTFOR",1990,0.477612,NA,NA
"HARTFOR",1991,0.724735,NA,NA
"HARTFOR",1992,0.850012,NA,NA
"HARTFOR",1993,0.923673,NA,NA
"HARTFOR",1994,1.090329,NA,NA
"HARTFOR",1995,0.423691,NA,NA
"HARTFOR",1996,1.129948,NA,NA
"HARTFOR",1997,0.486845,NA,NA
"HARTFOR",1998,0.428948,NA,NA
"HARTFOR",1999,1.676923,NA,NA
"HARTFOR",2000,0.760182,NA,NA
"HIALEAH",1980,-0.00363,NA,NA
"HIALEAH",1981,-0.0402,NA,NA
"HIALEAH",1982,-0.04595,NA,NA
"HIALEAH",1983,-0.00317,NA,NA
"HIALEAH",1984,0.090636,NA,NA
"HIALEAH",1985,-0.04019,NA,NA
"HIALEAH",1986,-0.04314,NA,NA
"HIALEAH",1987,-0.04207,NA,NA
"HIALEAH",1988,0.027998,NA,NA
"HIALEAH",1989,0.190933,NA,NA
"HIALEAH",1990,0.013427,NA,NA
"HIALEAH",1991,-0.01248,NA,NA
"HIALEAH",1992,0.010951,NA,NA
"HIALEAH",1993,0.013288,NA,NA
"HIALEAH",1994,0.012365,NA,NA
"HIALEAH",1995,-0.01436,NA,NA
"HIALEAH",1996,0.010611,NA,NA
"HIALEAH",1997,0.007805,NA,NA
"HIALEAH",1998,0.00714,NA,NA
"HIALEAH",1999,0.05658,NA,NA
"HIALEAH",2000,-0.01639,NA,NA
"HOLLYWO",1980,-0.29542,NA,NA
"HOLLYWO",1981,0.238498,NA,NA
"HOLLYWO",1982,-0.29364,NA,NA
"HOLLYWO",1983,0.228434,NA,NA
"HOLLYWO",1984,0.117909,NA,NA
"HOLLYWO",1985,-0.04487,NA,NA
"HOLLYWO",1986,1.02768,NA,NA
"HOLLYWO",1987,1.234486,NA,NA
"HOLLYWO",1988,0.39212,NA,NA
"HOLLYWO",1989,0.187259,NA,NA
"HOLLYWO",1990,1.689685,NA,NA
"HOLLYWO",1991,1.712666,NA,NA
"HOLLYWO",1992,2.178148,NA,NA
"HOLLYWO",1993,2.564155,NA,NA
"HOLLYWO",1994,2.337955,NA,NA
"HOLLYWO",1995,2.874423,NA,NA
"HOLLYWO",1996,0.857075,NA,NA
"HOLLYWO",1997,0.755963,NA,NA
"HOLLYWO",1998,0.629956,NA,NA
"HOLLYWO",1999,0.351507,NA,NA
"HOLLYWO",2000,0.587059,NA,NA
"HONOLUL",1980,0.034843,NA,NA
"HONOLUL",1981,-0.133,NA,NA
"HONOLUL",1982,-0.06428,NA,NA
"HONOLUL",1983,0.12456,NA,NA
"HONOLUL",1984,0.054648,NA,NA
"HONOLUL",1985,0.320179,NA,NA
"HONOLUL",1986,0.934617,NA,NA
"HONOLUL",1987,0.494891,NA,NA
"HONOLUL",1988,0.396175,NA,NA
"HONOLUL",1989,0.765864,NA,NA
"HONOLUL",1990,0.709,NA,NA
"HONOLUL",1991,0.634629,NA,NA
"HONOLUL",1992,0.925016,NA,NA
"HONOLUL",1993,0.827035,NA,NA
"HONOLUL",1994,1.908005,NA,NA
"HONOLUL",1995,2.028769,NA,NA
"HONOLUL",1996,0.868249,NA,NA
"HONOLUL",1997,1.207515,NA,NA
"HONOLUL",1998,2.382761,NA,NA
"HONOLUL",1999,0.99455,NA,NA
"HONOLUL",2000,0.087722,NA,NA
"HOUSTON",1980,-0.01854,NA,NA
"HOUSTON",1981,0.002954,NA,NA
"HOUSTON",1982,0.004321,NA,NA
"HOUSTON",1983,-0.00915,NA,NA
"HOUSTON",1984,0.020419,NA,NA
"HOUSTON",1985,0.100895,NA,NA
"HOUSTON",1986,0.380494,NA,NA
"HOUSTON",1987,0.67803,NA,NA
"HOUSTON",1988,0.790723,NA,NA
"HOUSTON",1989,1.150707,NA,NA
"HOUSTON",1990,0.759122,NA,NA
"HOUSTON",1991,1.461629,NA,NA
"HOUSTON",1992,1.783664,NA,NA
"HOUSTON",1993,1.6868,NA,NA
"HOUSTON",1994,1.460644,NA,NA
"HOUSTON",1995,1.384862,NA,NA
"HOUSTON",1996,1.441863,NA,NA
"HOUSTON",1997,1.304827,NA,NA
"HOUSTON",1998,1.225369,NA,NA
"HOUSTON",1999,0.84693,NA,NA
"HOUSTON",2000,0.726327,NA,NA
"HUNTINGT",1980,-0.0224,NA,NA
"HUNTINGT",1981,-0.05011,NA,NA
"HUNTINGT",1982,-0.03123,NA,NA
"HUNTINGT",1983,0.000462,NA,NA
"HUNTINGT",1984,0.064908,NA,NA
"HUNTINGT",1985,0.124376,NA,NA
"HUNTINGT",1986,0.03091,NA,NA
"HUNTINGT",1987,0.238332,NA,NA
"HUNTINGT",1988,0.335263,NA,NA
"HUNTINGT",1989,0.654517,NA,NA
"HUNTINGT",1990,0.617833,NA,NA
"HUNTINGT",1991,0.501958,NA,NA
"HUNTINGT",1992,0.394944,NA,NA
"HUNTINGT",1993,0.225488,NA,NA
"HUNTINGT",1994,0.185153,NA,NA
"HUNTINGT",1995,0.000261,NA,NA
"HUNTINGT",1996,0.355426,NA,NA
"HUNTINGT",1997,0.147574,NA,NA
"HUNTINGT",1998,0.104587,NA,NA
"HUNTINGT",1999,0.362044,NA,NA
"HUNTINGT",2000,0.293081,NA,NA
"HUNTSVIL",1980,0,NA,NA
"HUNTSVIL",1981,0,NA,NA
"HUNTSVIL",1982,0,NA,NA
"HUNTSVIL",1983,0,NA,NA
"HUNTSVIL",1984,0,NA,NA
"HUNTSVIL",1985,0,NA,NA
"HUNTSVIL",1986,-0.00171,NA,NA
"HUNTSVIL",1987,0,NA,NA
"HUNTSVIL",1988,0,NA,NA
"HUNTSVIL",1989,0.031746,NA,NA
"HUNTSVIL",1990,0,NA,NA
"HUNTSVIL",1991,0,NA,NA
"HUNTSVIL",1992,0.031658,NA,NA
"HUNTSVIL",1993,0,NA,NA
"HUNTSVIL",1994,0,NA,NA
"HUNTSVIL",1995,0,NA,NA
"HUNTSVIL",1996,0.003336,NA,NA
"HUNTSVIL",1997,0.070326,NA,NA
"HUNTSVIL",1998,0.008132,NA,NA
"HUNTSVIL",1999,0.001796,NA,NA
"HUNTSVIL",2000,0.032553,NA,NA
"INDEPEND",1980,0.046784,NA,NA
"INDEPEND",1981,-0.00484,NA,NA
"INDEPEND",1982,-0.04441,NA,NA
"INDEPEND",1983,-0.04441,NA,NA
"INDEPEND",1984,0.048001,NA,NA
"INDEPEND",1985,-0.04441,NA,NA
"INDEPEND",1986,0.090915,NA,NA
"INDEPEND",1987,0.264699,NA,NA
"INDEPEND",1988,0.269397,NA,NA
"INDEPEND",1989,0.355991,NA,NA
"INDEPEND",1990,0.412674,NA,NA
"INDEPEND",1991,0.328773,NA,NA
"INDEPEND",1992,0.125528,NA,NA
"INDEPEND",1993,0.132872,NA,NA
"INDEPEND",1994,0.223197,NA,NA
"INDEPEND",1995,0.256917,NA,NA
"INDEPEND",1996,0.435996,NA,NA
"INDEPEND",1997,0.299659,NA,NA
"INDEPEND",1998,0.094265,NA,NA
"INDEPEND",1999,0.08742,NA,NA
"INDEPEND",2000,0.203837,NA,NA
"INDIANAPO",1980,-0.01214,18,93
"INDIANAPO",1981,-0.01038,18,93
"INDIANAPO",1982,-0.01227,18,93
"INDIANAPO",1983,-0.00134,18,93
"INDIANAPO",1984,0.036122,18,93
"INDIANAPO",1985,0.014332,18,93
"INDIANAPO",1986,0.29386,18,93
"INDIANAPO",1987,0.559233,18,93
"INDIANAPO",1988,0.424099,18,93
"INDIANAPO",1989,0.832695,18,93
"INDIANAPO",1990,0.984042,18,93
"INDIANAPO",1991,0.575371,18,93
"INDIANAPO",1992,0.504208,18,93
"INDIANAPO",1993,0.612432,18,93
"INDIANAPO",1994,1.047483,18,93
"INDIANAPO",1995,1.156327,18,93
"INDIANAPO",1996,1.039533,18,93
"INDIANAPO",1997,0.888561,18,93
"INDIANAPO",1998,1.064639,18,93
"INDIANAPO",1999,0.861169,18,93
"INDIANAPO",2000,0.857518,18,93
"IRVING",1980,NA,NA,NA
"IRVING",1981,-0.00132,NA,NA
"IRVING",1982,-0.01401,NA,NA
"IRVING",1983,-0.01401,NA,NA
"IRVING",1984,0.067731,NA,NA
"IRVING",1985,-0.02337,NA,NA
"IRVING",1986,-0.02226,NA,NA
"IRVING",1987,-0.00458,NA,NA
"IRVING",1988,0.029386,NA,NA
"IRVING",1989,0.050363,NA,NA
"IRVING",1990,0.042796,NA,NA
"IRVING",1991,0.298626,NA,NA
"IRVING",1992,0.274303,NA,NA
"IRVING",1993,0.396098,NA,NA
"IRVING",1994,0.217817,NA,NA
"IRVING",1995,0.412684,NA,NA
"IRVING",1996,0.282428,NA,NA
"IRVING",1997,0.370666,NA,NA
"IRVING",1998,0.372759,NA,NA
"IRVING",1999,0.45181,NA,NA
"IRVING",2000,0.408428,NA,NA
"JACKSON",1980,0,NA,NA
"JACKSON",1981,0,NA,NA
"JACKSON",1982,0,NA,NA
"JACKSON",1983,0,NA,NA
"JACKSON",1984,0,NA,NA
"JACKSON",1985,0,NA,NA
"JACKSON",1986,0.021941,NA,NA
"JACKSON",1987,0,NA,NA
"JACKSON",1988,0,NA,NA
"JACKSON",1989,0.096541,NA,NA
"JACKSON",1990,0,NA,NA
"JACKSON",1991,0.025147,NA,NA
"JACKSON",1992,0,NA,NA
"JACKSON",1993,0.051028,NA,NA
"JACKSON",1994,NA,NA,NA
"JACKSON",1995,NA,NA,NA
"JACKSON",1996,NA,NA,NA
"JACKSON",1997,NA,NA,NA
"JACKSON",1998,NA,NA,NA
"JACKSON",1999,NA,NA,NA
"JACKSON",2000,NA,NA,NA
"JACKSONV",1980,-0.02628,NA,NA
"JACKSONV",1981,-0.05606,NA,NA
"JACKSONV",1982,-0.00998,NA,NA
"JACKSONV",1983,-0.03887,NA,NA
"JACKSONV",1984,0.173803,NA,NA
"JACKSONV",1985,0.23553,NA,NA
"JACKSONV",1986,0.260718,NA,NA
"JACKSONV",1987,0.928718,NA,NA
"JACKSONV",1988,0.574719,NA,NA
"JACKSONV",1989,0.817406,NA,NA
"JACKSONV",1990,1.168805,NA,NA
"JACKSONV",1991,1.185918,NA,NA
"JACKSONV",1992,0.774365,NA,NA
"JACKSONV",1993,1.137754,NA,NA
"JACKSONV",1994,1.11087,NA,NA
"JACKSONV",1995,0.942873,NA,NA
"JACKSONV",1996,0.522827,NA,NA
"JACKSONV",1997,0.407839,NA,NA
"JACKSONV",1998,0.316701,NA,NA
"JACKSONV",1999,0.368107,NA,NA
"JACKSONV",2000,0.599801,NA,NA
"JERSEY_C",1980,-0.05981,NA,NA
"JERSEY_C",1981,-0.12396,NA,NA
"JERSEY_C",1982,0.114766,NA,NA
"JERSEY_C",1983,-0.02085,NA,NA
"JERSEY_C",1984,0.090859,NA,NA
"JERSEY_C",1985,0.185422,NA,NA
"JERSEY_C",1986,1.682016,NA,NA
"JERSEY_C",1987,2.146759,NA,NA
"JERSEY_C",1988,2.550143,NA,NA
"JERSEY_C",1989,2.652385,NA,NA
"JERSEY_C",1990,3.048779,NA,NA
"JERSEY_C",1991,1.92808,NA,NA
"JERSEY_C",1992,1.689417,NA,NA
"JERSEY_C",1993,1.883558,NA,NA
"JERSEY_C",1994,2.886585,NA,NA
"JERSEY_C",1995,3.373769,NA,NA
"JERSEY_C",1996,3.681255,NA,NA
"JERSEY_C",1997,2.979103,NA,NA
"JERSEY_C",1998,3.454086,NA,NA
"JERSEY_C",1999,3.034595,NA,NA
"JERSEY_C",2000,2.60437,NA,NA
"KANSAS_C",1980,-0.05652,NA,NA
"KANSAS_C",1981,0.001172,NA,NA
"KANSAS_C",1982,0.098271,NA,NA
"KANSAS_C",1983,0.020543,NA,NA
"KANSAS_C",1984,-0.09024,NA,NA
"KANSAS_C",1985,0.040046,NA,NA
"KANSAS_C",1986,0.991404,NA,NA
"KANSAS_C",1987,0.996164,NA,NA
"KANSAS_C",1988,1.675237,NA,NA
"KANSAS_C",1989,2.055964,NA,NA
"KANSAS_C",1990,1.404277,NA,NA
"KANSAS_C",1991,0.769808,NA,NA
"KANSAS_C",1992,0.688923,NA,NA
"KANSAS_C",1993,0.64443,NA,NA
"KANSAS_C",1994,1.529785,NA,NA
"KANSAS_C",1995,1.130839,NA,NA
"KANSAS_C",1996,1.238148,NA,NA
"KANSAS_C",1997,0.310777,NA,NA
"KANSAS_C",1998,1.553322,NA,NA
"KANSAS_C",1999,1.625198,NA,NA
"KANSAS_C",2000,1.750422,NA,NA
"KANSAS_C",1980,-0.04725,NA,NA
"KANSAS_C",1981,-0.05594,NA,NA
"KANSAS_C",1982,0.327205,NA,NA
"KANSAS_C",1983,-0.20659,NA,NA
"KANSAS_C",1984,0.005762,NA,NA
"KANSAS_C",1985,0.140331,NA,NA
"KANSAS_C",1986,0.317768,NA,NA
"KANSAS_C",1987,0.921464,NA,NA
"KANSAS_C",1988,1.360945,NA,NA
"KANSAS_C",1989,1.524814,NA,NA
"KANSAS_C",1990,1.19514,NA,NA
"KANSAS_C",1991,0.753968,NA,NA
"KANSAS_C",1992,0.272528,NA,NA
"KANSAS_C",1993,0.272184,NA,NA
"KANSAS_C",1994,1.063885,NA,NA
"KANSAS_C",1995,0.66555,NA,NA
"KANSAS_C",1996,0.689938,NA,NA
"KANSAS_C",1997,0.549582,NA,NA
"KANSAS_C",1998,0.834956,NA,NA
"KANSAS_C",1999,0.885705,NA,NA
"KANSAS_C",2000,0.918754,NA,NA
"KNOXVILL",1980,-0.00574,NA,NA
"KNOXVILL",1981,-0.01737,NA,NA
"KNOXVILL",1982,-0.01308,NA,NA
"KNOXVILL",1983,0.060995,NA,NA
"KNOXVILL",1984,-0.01779,NA,NA
"KNOXVILL",1985,0.018156,NA,NA
"KNOXVILL",1986,0.116664,NA,NA
"KNOXVILL",1987,0.201229,NA,NA
"KNOXVILL",1988,0.315854,NA,NA
"KNOXVILL",1989,0.274648,NA,NA
"KNOXVILL",1990,0.233803,NA,NA
"KNOXVILL",1991,0.537776,NA,NA
"KNOXVILL",1992,0.282155,NA,NA
"KNOXVILL",1993,0.400283,NA,NA
"KNOXVILL",1994,0.412849,NA,NA
"KNOXVILL",1995,0.477267,NA,NA
"KNOXVILL",1996,0.684927,NA,NA
"KNOXVILL",1997,0.48471,NA,NA
"KNOXVILL",1998,0.432822,NA,NA
"KNOXVILL",1999,0.390319,NA,NA
"KNOXVILL",2000,0.598079,NA,NA
"LAFAYETT",1980,-0.03013,NA,NA
"LAFAYETT",1981,-0.00712,NA,NA
"LAFAYETT",1982,-0.00217,NA,NA
"LAFAYETT",1983,0.046965,NA,NA
"LAFAYETT",1984,0.016292,NA,NA
"LAFAYETT",1985,-0.00019,NA,NA
"LAFAYETT",1986,0.714584,NA,NA
"LAFAYETT",1987,0.330868,NA,NA
"LAFAYETT",1988,0.66089,NA,NA
"LAFAYETT",1989,2.163393,NA,NA
"LAFAYETT",1990,1.016441,NA,NA
"LAFAYETT",1991,0.83208,NA,NA
"LAFAYETT",1992,0.89385,NA,NA
"LAFAYETT",1993,1.160875,NA,NA
"LAFAYETT",1994,1.782705,NA,NA
"LAFAYETT",1995,1.503895,NA,NA
"LAFAYETT",1996,1.801473,NA,NA
"LAFAYETT",1997,1.36537,NA,NA
"LAFAYETT",1998,1.081997,NA,NA
"LAFAYETT",1999,1.110019,NA,NA
"LAFAYETT",2000,0.68211,NA,NA
"LAKEWOO",1980,-0.12666,NA,NA
"LAKEWOO",1981,-0.09417,NA,NA
"LAKEWOO",1982,-0.17031,NA,NA
"LAKEWOO",1983,0.200399,NA,NA
"LAKEWOO",1984,0.360247,NA,NA
"LAKEWOO",1985,0.069503,NA,NA
"LAKEWOO",1986,0.338891,NA,NA
"LAKEWOO",1987,0.238464,NA,NA
"LAKEWOO",1988,0.57549,NA,NA
"LAKEWOO",1989,0.229064,NA,NA
"LAKEWOO",1990,0.211617,NA,NA
"LAKEWOO",1991,0.058965,NA,NA
"LAKEWOO",1992,0.084141,NA,NA
"LAKEWOO",1993,0.056676,NA,NA
"LAKEWOO",1994,-0.08745,NA,NA
"LAKEWOO",1995,0.188806,NA,NA
"LAKEWOO",1996,0.286694,NA,NA
"LAKEWOO",1997,-0.03586,NA,NA
"LAKEWOO",1998,-0.13977,NA,NA
"LAKEWOO",1999,0.130516,NA,NA
"LAKEWOO",2000,0.151743,NA,NA
"LANSING",1980,0,NA,NA
"LANSING",1981,0.020728,NA,NA
"LANSING",1982,-0.0074,NA,NA
"LANSING",1983,-0.02036,NA,NA
"LANSING",1984,0.007035,NA,NA
"LANSING",1985,0.069611,NA,NA
"LANSING",1986,0.046269,NA,NA
"LANSING",1987,0.398347,NA,NA
"LANSING",1988,0.286399,NA,NA
"LANSING",1989,0.815194,NA,NA
"LANSING",1990,0.351521,NA,NA
"LANSING",1991,0.574648,NA,NA
"LANSING",1992,0.513131,NA,NA
"LANSING",1993,0.315866,NA,NA
"LANSING",1994,0.244778,NA,NA
"LANSING",1995,0.119235,NA,NA
"LANSING",1996,0.391373,NA,NA
"LANSING",1997,0.405183,NA,NA
"LANSING",1998,0.404161,NA,NA
"LANSING",1999,0.550665,NA,NA
"LANSING",2000,0.386686,NA,NA
"LAS_VEGA",1980,-0.06798,NA,NA
"LAS_VEGA",1981,-0.01847,NA,NA
"LAS_VEGA",1982,-0.0146,NA,NA
"LAS_VEGA",1983,-0.11907,NA,NA
"LAS_VEGA",1984,0.220129,NA,NA
"LAS_VEGA",1985,0.172255,NA,NA
"LAS_VEGA",1986,0.15524,NA,NA
"LAS_VEGA",1987,0.383783,NA,NA
"LAS_VEGA",1988,0.266933,NA,NA
"LAS_VEGA",1989,0.513306,NA,NA
"LAS_VEGA",1990,0.777444,NA,NA
"LAS_VEGA",1991,0.635743,NA,NA
"LAS_VEGA",1992,0.758395,NA,NA
"LAS_VEGA",1993,0.776218,NA,NA
"LAS_VEGA",1994,0.679424,NA,NA
"LAS_VEGA",1995,0.849323,NA,NA
"LAS_VEGA",1996,1.029064,NA,NA
"LAS_VEGA",1997,0.866071,NA,NA
"LAS_VEGA",1998,0.90902,NA,NA
"LAS_VEGA",1999,1.10969,NA,NA
"LAS_VEGA",2000,1.226259,NA,NA
"LEXINGTO",1980,0.027247,NA,NA
"LEXINGTO",1981,0.12606,NA,NA
"LEXINGTO",1982,-0.05529,NA,NA
"LEXINGTO",1983,-0.03841,NA,NA
"LEXINGTO",1984,-0.05961,NA,NA
"LEXINGTO",1985,0.18084,NA,NA
"LEXINGTO",1986,0.666588,NA,NA
"LEXINGTO",1987,0.398314,NA,NA
"LEXINGTO",1988,0.081343,NA,NA
"LEXINGTO",1989,0.687211,NA,NA
"LEXINGTO",1990,0.18083,NA,NA
"LEXINGTO",1991,0.176374,NA,NA
"LEXINGTO",1992,0.443661,NA,NA
"LEXINGTO",1993,0.578366,NA,NA
"LEXINGTO",1994,0.538104,NA,NA
"LEXINGTO",1995,0.629984,NA,NA
"LEXINGTO",1996,0.230501,NA,NA
"LEXINGTO",1997,0.157437,NA,NA
"LEXINGTO",1998,0.263137,NA,NA
"LEXINGTO",1999,0.212905,NA,NA
"LEXINGTO",2000,0.19057,NA,NA
"LINCOLN",1980,0.014214,NA,NA
"LINCOLN",1981,0.008201,NA,NA
"LINCOLN",1982,0.012941,NA,NA
"LINCOLN",1983,-0.0456,NA,NA
"LINCOLN",1984,0.010244,NA,NA
"LINCOLN",1985,0.011128,NA,NA
"LINCOLN",1986,0.312839,NA,NA
"LINCOLN",1987,0.327207,NA,NA
"LINCOLN",1988,0.449698,NA,NA
"LINCOLN",1989,0.648528,NA,NA
"LINCOLN",1990,0.493333,NA,NA
"LINCOLN",1991,0.383301,NA,NA
"LINCOLN",1992,0.313109,NA,NA
"LINCOLN",1993,0.326117,NA,NA
"LINCOLN",1994,0.441241,NA,NA
"LINCOLN",1995,0.375401,NA,NA
"LINCOLN",1996,0.393169,NA,NA
"LINCOLN",1997,0.345972,NA,NA
"LINCOLN",1998,0.41808,NA,NA
"LINCOLN",1999,0.330211,NA,NA
"LINCOLN",2000,0.281182,NA,NA
"LITTLE_RO",1980,-0.00222,NA,NA
"LITTLE_RO",1981,-0.01234,NA,NA
"LITTLE_RO",1982,-0.00413,NA,NA
"LITTLE_RO",1983,0.017313,NA,NA
"LITTLE_RO",1984,0.002365,NA,NA
"LITTLE_RO",1985,0.034922,NA,NA
"LITTLE_RO",1986,0.221337,NA,NA
"LITTLE_RO",1987,0.212779,NA,NA
"LITTLE_RO",1988,0.65094,NA,NA
"LITTLE_RO",1989,1.434804,NA,NA
"LITTLE_RO",1990,1.407131,NA,NA
"LITTLE_RO",1991,1.149284,NA,NA
"LITTLE_RO",1992,1.115816,NA,NA
"LITTLE_RO",1993,1.094871,NA,NA
"LITTLE_RO",1994,1.132334,NA,NA
"LITTLE_RO",1995,1.380642,NA,NA
"LITTLE_RO",1996,0.919851,NA,NA
"LITTLE_RO",1997,0.939444,NA,NA
"LITTLE_RO",1998,0.789117,NA,NA
"LITTLE_RO",1999,0.673915,NA,NA
"LITTLE_RO",2000,0.820054,NA,NA
"LIVONIA",1980,-0.01724,NA,NA
"LIVONIA",1981,0.017235,NA,NA
"LIVONIA",1982,0,NA,NA
"LIVONIA",1983,0,NA,NA
"LIVONIA",1984,0,NA,NA
"LIVONIA",1985,0.239916,NA,NA
"LIVONIA",1986,0.533207,NA,NA
"LIVONIA",1987,0.339386,NA,NA
"LIVONIA",1988,0.330915,NA,NA
"LIVONIA",1989,0.406679,NA,NA
"LIVONIA",1990,0.352501,NA,NA
"LIVONIA",1991,0.245389,NA,NA
"LIVONIA",1992,0.224577,NA,NA
"LIVONIA",1993,0.144785,NA,NA
"LIVONIA",1994,0.139826,NA,NA
"LIVONIA",1995,0.163295,NA,NA
"LIVONIA",1996,0.232595,NA,NA
"LIVONIA",1997,0.10428,NA,NA
"LIVONIA",1998,0.07961,NA,NA
"LIVONIA",1999,0.733844,NA,NA
"LIVONIA",2000,0.55729,NA,NA
"LONG_BEA",1980,-0.11182,NA,NA
"LONG_BEA",1981,-0.39955,NA,NA
"LONG_BEA",1982,-0.10129,NA,NA
"LONG_BEA",1983,0.729441,NA,NA
"LONG_BEA",1984,-0.00681,NA,NA
"LONG_BEA",1985,0.037952,NA,NA
"LONG_BEA",1986,0.603422,NA,NA
"LONG_BEA",1987,1.318911,NA,NA
"LONG_BEA",1988,0.738843,NA,NA
"LONG_BEA",1989,2.68874,NA,NA
"LONG_BEA",1990,1.13622,NA,NA
"LONG_BEA",1991,2.356887,NA,NA
"LONG_BEA",1992,1.922883,NA,NA
"LONG_BEA",1993,2.574399,NA,NA
"LONG_BEA",1994,1.963123,NA,NA
"LONG_BEA",1995,1.398319,NA,NA
"LONG_BEA",1996,2.434724,NA,NA
"LONG_BEA",1997,2.293175,NA,NA
"LONG_BEA",1998,2.072161,NA,NA
"LONG_BEA",1999,1.890071,NA,NA
"LONG_BEA",2000,1.80687,NA,NA
"LOS_ANGE",1980,-0.46953,NA,NA
"LOS_ANGE",1981,-0.74764,NA,NA
"LOS_ANGE",1982,-0.36743,NA,NA
"LOS_ANGE",1983,0.561817,NA,NA
"LOS_ANGE",1984,1.005621,NA,NA
"LOS_ANGE",1985,1.1177,NA,NA
"LOS_ANGE",1986,2.406632,NA,NA
"LOS_ANGE",1987,2.576502,NA,NA
"LOS_ANGE",1988,3.036475,NA,NA
"LOS_ANGE",1989,3.809184,NA,NA
"LOS_ANGE",1990,3.199316,NA,NA
"LOS_ANGE",1991,2.444418,NA,NA
"LOS_ANGE",1992,2.558175,NA,NA
"LOS_ANGE",1993,2.626398,NA,NA
"LOS_ANGE",1994,2.689994,NA,NA
"LOS_ANGE",1995,2.223745,NA,NA
"LOS_ANGE",1996,3.665554,NA,NA
"LOS_ANGE",1997,2.355748,NA,NA
"LOS_ANGE",1998,2.706015,NA,NA
"LOS_ANGE",1999,2.317222,NA,NA
"LOS_ANGE",2000,2.225495,NA,NA
"LOUISVILL",1980,0.001065,NA,NA
"LOUISVILL",1981,-0.02824,NA,NA
"LOUISVILL",1982,-0.00975,NA,NA
"LOUISVILL",1983,-0.00472,NA,NA
"LOUISVILL",1984,0.03079,NA,NA
"LOUISVILL",1985,0.032951,NA,NA
"LOUISVILL",1986,0.340371,NA,NA
"LOUISVILL",1987,0.226411,NA,NA
"LOUISVILL",1988,0.068981,NA,NA
"LOUISVILL",1989,0.928989,NA,NA
"LOUISVILL",1990,0.483896,NA,NA
"LOUISVILL",1991,0.242658,NA,NA
"LOUISVILL",1992,0.485147,NA,NA
"LOUISVILL",1993,0.505353,NA,NA
"LOUISVILL",1994,0.751259,NA,NA
"LOUISVILL",1995,0.926919,NA,NA
"LOUISVILL",1996,1.226895,NA,NA
"LOUISVILL",1997,1.170096,NA,NA
"LOUISVILL",1998,1.257352,NA,NA
"LOUISVILL",1999,1.073939,NA,NA
"LOUISVILL",2000,0.665084,NA,NA
"LUBBOCK",1980,-0.01428,48,303
"LUBBOCK",1981,0.161163,48,303
"LUBBOCK",1982,-0.05889,48,303
"LUBBOCK",1983,-0.04643,48,303
"LUBBOCK",1984,-0.04157,48,303
"LUBBOCK",1985,0.053037,48,303
"LUBBOCK",1986,0.112947,48,303
"LUBBOCK",1987,0.156327,48,303
"LUBBOCK",1988,0.410474,48,303
"LUBBOCK",1989,0.295232,48,303
"LUBBOCK",1990,0.099575,48,303
"LUBBOCK",1991,0.142075,48,303
"LUBBOCK",1992,0.105277,48,303
"LUBBOCK",1993,0.032414,48,303
"LUBBOCK",1994,0.158502,48,303
"LUBBOCK",1995,0.511432,48,303
"LUBBOCK",1996,0.38703,48,303
"LUBBOCK",1997,0.37659,48,303
"LUBBOCK",1998,0.706161,48,303
"LUBBOCK",1999,0.692397,48,303
"LUBBOCK",2000,0.487735,48,303
"MADISON",1980,-0.20786,NA,NA
"MADISON",1981,-0.08284,NA,NA
"MADISON",1982,0.066133,NA,NA
"MADISON",1983,-0.00359,NA,NA
"MADISON",1984,0.228104,NA,NA
"MADISON",1985,0.115811,NA,NA
"MADISON",1986,0.952859,NA,NA
"MADISON",1987,0.196651,NA,NA
"MADISON",1988,0.595612,NA,NA
"MADISON",1989,0.408273,NA,NA
"MADISON",1990,0.565027,NA,NA
"MADISON",1991,0.615219,NA,NA
"MADISON",1992,0.969856,NA,NA
"MADISON",1993,1.178294,NA,NA
"MADISON",1994,1.064224,NA,NA
"MADISON",1995,0.83816,NA,NA
"MADISON",1996,0.732194,NA,NA
"MADISON",1997,0.666876,NA,NA
"MADISON",1998,0.515507,NA,NA
"MADISON",1999,0.430563,NA,NA
"MADISON",2000,0.349346,NA,NA
"MEMPHIS",1980,-0.00337,NA,NA
"MEMPHIS",1981,0.019652,NA,NA
"MEMPHIS",1982,-0.03342,NA,NA
"MEMPHIS",1983,-0.0037,NA,NA
"MEMPHIS",1984,0.015105,NA,NA
"MEMPHIS",1985,0.00501,NA,NA
"MEMPHIS",1986,0.075134,NA,NA
"MEMPHIS",1987,0.214894,NA,NA
"MEMPHIS",1988,0.230147,NA,NA
"MEMPHIS",1989,0.848485,NA,NA
"MEMPHIS",1990,0.421434,NA,NA
"MEMPHIS",1991,0.383358,NA,NA
"MEMPHIS",1992,0.25134,NA,NA
"MEMPHIS",1993,0.439013,NA,NA
"MEMPHIS",1994,0.379459,NA,NA
"MEMPHIS",1995,0.521264,NA,NA
"MEMPHIS",1996,0.582233,NA,NA
"MEMPHIS",1997,0.575242,NA,NA
"MEMPHIS",1998,0.580994,NA,NA
"MEMPHIS",1999,0.587256,NA,NA
"MEMPHIS",2000,1.467746,NA,NA
"MESA",1980,NA,NA,NA
"MESA",1981,0,NA,NA
"MESA",1982,-0.05848,NA,NA
"MESA",1983,-0.06045,NA,NA
"MESA",1984,0.05096,NA,NA
"MESA",1985,-0.04933,NA,NA
"MESA",1986,0.058084,NA,NA
"MESA",1987,0.107381,NA,NA
"MESA",1988,0.083901,NA,NA
"MESA",1989,0.157544,NA,NA
"MESA",1990,0.047418,NA,NA
"MESA",1991,0.095029,NA,NA
"MESA",1992,0.081477,NA,NA
"MESA",1993,0.029147,NA,NA
"MESA",1994,0.070909,NA,NA
"MESA",1995,0.005332,NA,NA
"MESA",1996,0.204401,NA,NA
"MESA",1997,0.11952,NA,NA
"MESA",1998,0.322406,NA,NA
"MESA",1999,0.194895,NA,NA
"MESA",2000,0.243842,NA,NA
"MIAMI",1980,-0.22797,NA,NA
"MIAMI",1981,-0.21946,NA,NA
"MIAMI",1982,0.01933,NA,NA
"MIAMI",1983,0.208362,NA,NA
"MIAMI",1984,0.225701,NA,NA
"MIAMI",1985,0.216561,NA,NA
"MIAMI",1986,0.90205,NA,NA
"MIAMI",1987,0.709768,NA,NA
"MIAMI",1988,1.261054,NA,NA
"MIAMI",1989,1.555427,NA,NA
"MIAMI",1990,0.735901,NA,NA
"MIAMI",1991,0.8932,NA,NA
"MIAMI",1992,0.897169,NA,NA
"MIAMI",1993,1.01118,NA,NA
"MIAMI",1994,1.427999,NA,NA
"MIAMI",1995,1.323709,NA,NA
"MIAMI",1996,1.576735,NA,NA
"MIAMI",1997,1.354352,NA,NA
"MIAMI",1998,1.918524,NA,NA
"MIAMI",1999,1.116865,NA,NA
"MIAMI",2000,1.277606,NA,NA
"MILWAUKE",1980,-0.02492,NA,NA
"MILWAUKE",1981,-0.06905,NA,NA
"MILWAUKE",1982,0.20549,NA,NA
"MILWAUKE",1983,-0.07655,NA,NA
"MILWAUKE",1984,-0.02393,NA,NA
"MILWAUKE",1985,-0.02933,NA,NA
"MILWAUKE",1986,0.255923,NA,NA
"MILWAUKE",1987,0.866535,NA,NA
"MILWAUKE",1988,1.564026,NA,NA
"MILWAUKE",1989,1.29417,NA,NA
"MILWAUKE",1990,1.060147,NA,NA
"MILWAUKE",1991,1.028784,NA,NA
"MILWAUKE",1992,0.882153,NA,NA
"MILWAUKE",1993,0.9969,NA,NA
"MILWAUKE",1994,1.422347,NA,NA
"MILWAUKE",1995,1.218573,NA,NA
"MILWAUKE",1996,1.135462,NA,NA
"MILWAUKE",1997,1.55377,NA,NA
"MILWAUKE",1998,1.018338,NA,NA
"MILWAUKE",1999,0.92487,NA,NA
"MILWAUKE",2000,0.790109,NA,NA
"MINNEAPO",1980,-0.03141,NA,NA
"MINNEAPO",1981,0.036334,NA,NA
"MINNEAPO",1982,-0.05193,NA,NA
"MINNEAPO",1983,-0.01566,NA,NA
"MINNEAPO",1984,0.113153,NA,NA
"MINNEAPO",1985,0.416381,NA,NA
"MINNEAPO",1986,1.444187,NA,NA
"MINNEAPO",1987,0.518116,NA,NA
"MINNEAPO",1988,1.723727,NA,NA
"MINNEAPO",1989,1.677044,NA,NA
"MINNEAPO",1990,1.059711,NA,NA
"MINNEAPO",1991,0.907508,NA,NA
"MINNEAPO",1992,0.635899,NA,NA
"MINNEAPO",1993,1.66986,NA,NA
"MINNEAPO",1994,1.508444,NA,NA
"MINNEAPO",1995,1.79372,NA,NA
"MINNEAPO",1996,1.98328,NA,NA
"MINNEAPO",1997,2.372807,NA,NA
"MINNEAPO",1998,2.177858,NA,NA
"MINNEAPO",1999,1.962904,NA,NA
"MINNEAPO",2000,1.629513,NA,NA
"MOBILE",1980,-0.04577,NA,NA
"MOBILE",1981,-0.06383,NA,NA
"MOBILE",1982,-0.01235,NA,NA
"MOBILE",1983,-0.0912,NA,NA
"MOBILE",1984,0.213146,NA,NA
"MOBILE",1985,0.194132,NA,NA
"MOBILE",1986,0.543653,NA,NA
"MOBILE",1987,0.505706,NA,NA
"MOBILE",1988,0.498509,NA,NA
"MOBILE",1989,1.407472,NA,NA
"MOBILE",1990,1.863305,NA,NA
"MOBILE",1991,1.348261,NA,NA
"MOBILE",1992,1.318036,NA,NA
"MOBILE",1993,0.51908,NA,NA
"MOBILE",1994,0.501409,NA,NA
"MOBILE",1995,1.161683,NA,NA
"MOBILE",1996,1.019782,NA,NA
"MOBILE",1997,1.195441,NA,NA
"MOBILE",1998,1.320031,NA,NA
"MOBILE",1999,1.085395,NA,NA
"MOBILE",2000,1.895082,NA,NA
"MONTGOM",1980,-0.0236,NA,NA
"MONTGOM",1981,-0.00043,NA,NA
"MONTGOM",1982,-0.02403,NA,NA
"MONTGOM",1983,-0.00736,NA,NA
"MONTGOM",1984,0.055314,NA,NA
"MONTGOM",1985,-0.03471,NA,NA
"MONTGOM",1986,0.171976,NA,NA
"MONTGOM",1987,0.340146,NA,NA
"MONTGOM",1988,1.120198,NA,NA
"MONTGOM",1989,0.710931,NA,NA
"MONTGOM",1990,0.560953,NA,NA
"MONTGOM",1991,0.65624,NA,NA
"MONTGOM",1992,0.437284,NA,NA
"MONTGOM",1993,0.201032,NA,NA
"MONTGOM",1994,0.417937,NA,NA
"MONTGOM",1995,0.328147,NA,NA
"MONTGOM",1996,0.684742,NA,NA
"MONTGOM",1997,0.945514,NA,NA
"MONTGOM",1998,1.028131,NA,NA
"MONTGOM",1999,0.957507,NA,NA
"MONTGOM",2000,0.814383,NA,NA
"NASHVILL",1980,-0.00198,NA,NA
"NASHVILL",1981,0.118156,NA,NA
"NASHVILL",1982,-0.05973,NA,NA
"NASHVILL",1983,-0.05973,NA,NA
"NASHVILL",1984,0.005362,NA,NA
"NASHVILL",1985,-0.03816,NA,NA
"NASHVILL",1986,0.234378,NA,NA
"NASHVILL",1987,0.347514,NA,NA
"NASHVILL",1988,0.214064,NA,NA
"NASHVILL",1989,0.463984,NA,NA
"NASHVILL",1990,0.685718,NA,NA
"NASHVILL",1991,0.309707,NA,NA
"NASHVILL",1992,0.068386,NA,NA
"NASHVILL",1993,0.225748,NA,NA
"NASHVILL",1994,0.233534,NA,NA
"NASHVILL",1995,0.332089,NA,NA
"NASHVILL",1996,0.677941,NA,NA
"NASHVILL",1997,0.420687,NA,NA
"NASHVILL",1998,0.576914,NA,NA
"NASHVILL",1999,0.447248,NA,NA
"NASHVILL",2000,0.356003,NA,NA
"NEW_ORLE",1980,-0.13862,22,71
"NEW_ORLE",1981,-0.10728,22,71
"NEW_ORLE",1982,-0.07758,22,71
"NEW_ORLE",1983,0.087357,22,71
"NEW_ORLE",1984,0.245663,22,71
"NEW_ORLE",1985,0.757482,22,71
"NEW_ORLE",1986,0.742881,22,71
"NEW_ORLE",1987,1.352296,22,71
"NEW_ORLE",1988,3.404713,22,71
"NEW_ORLE",1989,4.805953,22,71
"NEW_ORLE",1990,3.427876,22,71
"NEW_ORLE",1991,1.649159,22,71
"NEW_ORLE",1992,2.456385,22,71
"NEW_ORLE",1993,2.628987,22,71
"NEW_ORLE",1994,1.348521,22,71
"NEW_ORLE",1995,1.644648,22,71
"NEW_ORLE",1996,1.874383,22,71
"NEW_ORLE",1997,3.128538,22,71
"NEW_ORLE",1998,3.228671,22,71
"NEW_ORLE",1999,3.25265,22,71
"NEW_ORLE",2000,1.216653,22,71
"NEW_YOR",1980,-0.06682,NA,NA
"NEW_YOR",1981,-0.07292,NA,NA
"NEW_YOR",1982,0.017585,NA,NA
"NEW_YOR",1983,-0.00549,NA,NA
"NEW_YOR",1984,0.141091,NA,NA
"NEW_YOR",1985,0.266054,NA,NA
"NEW_YOR",1986,1.612882,NA,NA
"NEW_YOR",1987,2.096637,NA,NA
"NEW_YOR",1988,3.054652,NA,NA
"NEW_YOR",1989,3.720276,NA,NA
"NEW_YOR",1990,3.362686,NA,NA
"NEW_YOR",1991,3.898878,NA,NA
"NEW_YOR",1992,4.062645,NA,NA
"NEW_YOR",1993,4.623832,NA,NA
"NEW_YOR",1994,4.534023,NA,NA
"NEW_YOR",1995,4.663489,NA,NA
"NEW_YOR",1996,4.74313,NA,NA
"NEW_YOR",1997,3.975203,NA,NA
"NEW_YOR",1998,3.965146,NA,NA
"NEW_YOR",1999,3.272377,NA,NA
"NEW_YOR",2000,2.921796,NA,NA
"NEWARK",1980,-0.29336,NA,NA
"NEWARK",1981,0.021725,NA,NA
"NEWARK",1982,0.133984,NA,NA
"NEWARK",1983,0.008492,NA,NA
"NEWARK",1984,0.153183,NA,NA
"NEWARK",1985,0.147986,NA,NA
"NEWARK",1986,2.617299,NA,NA
"NEWARK",1987,2.753903,NA,NA
"NEWARK",1988,3.825007,NA,NA
"NEWARK",1989,3.813687,NA,NA
"NEWARK",1990,3.457462,NA,NA
"NEWARK",1991,4.330934,NA,NA
"NEWARK",1992,3.061733,NA,NA
"NEWARK",1993,3.087424,NA,NA
"NEWARK",1994,7.115625,NA,NA
"NEWARK",1995,8.000519,NA,NA
"NEWARK",1996,7.279374,NA,NA
"NEWARK",1997,7.437874,NA,NA
"NEWARK",1998,7.172752,NA,NA
"NEWARK",1999,7.022937,NA,NA
"NEWARK",2000,6.409422,NA,NA
"NEWPORT",1980,-0.03517,NA,NA
"NEWPORT",1981,-0.0032,NA,NA
"NEWPORT",1982,-0.00721,NA,NA
"NEWPORT",1983,0.007795,NA,NA
"NEWPORT",1984,0.037786,NA,NA
"NEWPORT",1985,0.140886,NA,NA
"NEWPORT",1986,0.119642,NA,NA
"NEWPORT",1987,0.426574,NA,NA
"NEWPORT",1988,0.239403,NA,NA
"NEWPORT",1989,0.767882,NA,NA
"NEWPORT",1990,0.44548,NA,NA
"NEWPORT",1991,0.644883,NA,NA
"NEWPORT",1992,0.976119,NA,NA
"NEWPORT",1993,0.721497,NA,NA
"NEWPORT",1994,0.78126,NA,NA
"NEWPORT",1995,0.7312,NA,NA
"NEWPORT",1996,0.618408,NA,NA
"NEWPORT",1997,0.762089,NA,NA
"NEWPORT",1998,0.911052,NA,NA
"NEWPORT",1999,1.072788,NA,NA
"NEWPORT",2000,0.935565,NA,NA
"NORFOLK",1980,-0.00828,NA,NA
"NORFOLK",1981,-0.0079,NA,NA
"NORFOLK",1982,-0.0079,NA,NA
"NORFOLK",1983,-0.0079,NA,NA
"NORFOLK",1984,0.031591,NA,NA
"NORFOLK",1985,0.071268,NA,NA
"NORFOLK",1986,0.215167,NA,NA
"NORFOLK",1987,0.243173,NA,NA
"NORFOLK",1988,0.2129,NA,NA
"NORFOLK",1989,0.605378,NA,NA
"NORFOLK",1990,0.557146,NA,NA
"NORFOLK",1991,0.605518,NA,NA
"NORFOLK",1992,0.348802,NA,NA
"NORFOLK",1993,0.330832,NA,NA
"NORFOLK",1994,0.508055,NA,NA
"NORFOLK",1995,0.567928,NA,NA
"NORFOLK",1996,0.636871,NA,NA
"NORFOLK",1997,0.465064,NA,NA
"NORFOLK",1998,0.591057,NA,NA
"NORFOLK",1999,0.559749,NA,NA
"NORFOLK",2000,0.502094,NA,NA
"OAKLAND",1980,-0.0714,NA,NA
"OAKLAND",1981,-0.03315,NA,NA
"OAKLAND",1982,-0.27628,NA,NA
"OAKLAND",1983,0.22148,NA,NA
"OAKLAND",1984,0.159348,NA,NA
"OAKLAND",1985,0.491306,NA,NA
"OAKLAND",1986,1.144709,NA,NA
"OAKLAND",1987,2.056156,NA,NA
"OAKLAND",1988,2.644624,NA,NA
"OAKLAND",1989,4.121979,NA,NA
"OAKLAND",1990,4.470246,NA,NA
"OAKLAND",1991,4.900436,NA,NA
"OAKLAND",1992,4.158919,NA,NA
"OAKLAND",1993,4.285744,NA,NA
"OAKLAND",1994,3.950099,NA,NA
"OAKLAND",1995,1.086344,NA,NA
"OAKLAND",1996,2.976408,NA,NA
"OAKLAND",1997,3.108649,NA,NA
"OAKLAND",1998,3.056679,NA,NA
"OAKLAND",1999,3.418161,NA,NA
"OAKLAND",2000,3.265024,NA,NA
"OKLAHOM",1980,-0.20782,NA,NA
"OKLAHOM",1981,-0.16537,NA,NA
"OKLAHOM",1982,0.010934,NA,NA
"OKLAHOM",1983,0.114896,NA,NA
"OKLAHOM",1984,0.28852,NA,NA
"OKLAHOM",1985,0.313917,NA,NA
"OKLAHOM",1986,0.398972,NA,NA
"OKLAHOM",1987,0.708203,NA,NA
"OKLAHOM",1988,1.277498,NA,NA
"OKLAHOM",1989,1.907193,NA,NA
"OKLAHOM",1990,1.114109,NA,NA
"OKLAHOM",1991,1.075378,NA,NA
"OKLAHOM",1992,1.232899,NA,NA
"OKLAHOM",1993,1.624867,NA,NA
"OKLAHOM",1994,1.485464,NA,NA
"OKLAHOM",1995,1.490102,NA,NA
"OKLAHOM",1996,1.877821,NA,NA
"OKLAHOM",1997,1.706965,NA,NA
"OKLAHOM",1998,1.482161,NA,NA
"OKLAHOM",1999,1.306478,NA,NA
"OKLAHOM",2000,1.271556,NA,NA
"OMAHA",1980,0.061066,NA,NA
"OMAHA",1981,-0.02747,NA,NA
"OMAHA",1982,-0.00479,NA,NA
"OMAHA",1983,-0.1126,NA,NA
"OMAHA",1984,0.04872,NA,NA
"OMAHA",1985,-0.04215,NA,NA
"OMAHA",1986,0.007892,NA,NA
"OMAHA",1987,0.007839,NA,NA
"OMAHA",1988,2.017917,NA,NA
"OMAHA",1989,2.179054,NA,NA
"OMAHA",1990,0.990138,NA,NA
"OMAHA",1991,0.641546,NA,NA
"OMAHA",1992,0.406179,NA,NA
"OMAHA",1993,0.681728,NA,NA
"OMAHA",1994,0.780826,NA,NA
"OMAHA",1995,0.624412,NA,NA
"OMAHA",1996,0.702524,NA,NA
"OMAHA",1997,0.702608,NA,NA
"OMAHA",1998,0.786508,NA,NA
"OMAHA",1999,0.523458,NA,NA
"OMAHA",2000,0.612417,NA,NA
"ORLANDO",1980,-0.01975,NA,NA
"ORLANDO",1981,-0.01438,NA,NA
"ORLANDO",1982,-0.04127,NA,NA
"ORLANDO",1983,0.012963,NA,NA
"ORLANDO",1984,0.076424,NA,NA
"ORLANDO",1985,0.34476,NA,NA
"ORLANDO",1986,1.591932,NA,NA
"ORLANDO",1987,1.561763,NA,NA
"ORLANDO",1988,0.823213,NA,NA
"ORLANDO",1989,0.685677,NA,NA
"ORLANDO",1990,2.466802,NA,NA
"ORLANDO",1991,0.623166,NA,NA
"ORLANDO",1992,2.416666,NA,NA
"ORLANDO",1993,2.305642,NA,NA
"ORLANDO",1994,2.083971,NA,NA
"ORLANDO",1995,2.30653,NA,NA
"ORLANDO",1996,0.771885,NA,NA
"ORLANDO",1997,0.980625,NA,NA
"ORLANDO",1998,0.336992,NA,NA
"ORLANDO",1999,0.641564,NA,NA
"ORLANDO",2000,0.582841,NA,NA
"PASADENA",1980,NA,NA,NA
"PASADENA",1981,NA,NA,NA
"PASADENA",1982,0,NA,NA
"PASADENA",1983,0,NA,NA
"PASADENA",1984,0,NA,NA
"PASADENA",1985,0.282434,NA,NA
"PASADENA",1986,0.189195,NA,NA
"PASADENA",1987,0.23764,NA,NA
"PASADENA",1988,0.191035,NA,NA
"PASADENA",1989,0.23996,NA,NA
"PASADENA",1990,0.144682,NA,NA
"PASADENA",1991,0.240559,NA,NA
"PASADENA",1992,0.335977,NA,NA
"PASADENA",1993,0.383057,NA,NA
"PASADENA",1994,0.286609,NA,NA
"PASADENA",1995,0.381238,NA,NA
"PASADENA",1996,0.285251,NA,NA
"PASADENA",1997,0.094859,NA,NA
"PASADENA",1998,0.236588,NA,NA
"PASADENA",1999,0.236031,NA,NA
"PASADENA",2000,0,NA,NA
"PATERSO",1980,-0.18615,NA,NA
"PATERSO",1981,-0.0563,NA,NA
"PATERSO",1982,0.134011,NA,NA
"PATERSO",1983,0.062346,NA,NA
"PATERSO",1984,0.070583,NA,NA
"PATERSO",1985,0.480952,NA,NA
"PATERSO",1986,1.781431,NA,NA
"PATERSO",1987,2.57949,NA,NA
"PATERSO",1988,3.040142,NA,NA
"PATERSO",1989,2.515246,NA,NA
"PATERSO",1990,1.961108,NA,NA
"PATERSO",1991,2.516382,NA,NA
"PATERSO",1992,1.98056,NA,NA
"PATERSO",1993,2.610023,NA,NA
"PATERSO",1994,3.408912,NA,NA
"PATERSO",1995,5.731702,NA,NA
"PATERSO",1996,3.903498,NA,NA
"PATERSO",1997,4.244617,NA,NA
"PATERSO",1998,3.832864,NA,NA
"PATERSO",1999,3.039977,NA,NA
"PATERSO",2000,3.947139,NA,NA
"PEORIA_IL",1980,-0.06715,NA,NA
"PEORIA_IL",1981,-0.04869,NA,NA
"PEORIA_IL",1982,0.110447,NA,NA
"PEORIA_IL",1983,-0.0725,NA,NA
"PEORIA_IL",1984,0.077898,NA,NA
"PEORIA_IL",1985,0.00157,NA,NA
"PEORIA_IL",1986,-0.07886,NA,NA
"PEORIA_IL",1987,-0.06167,NA,NA
"PEORIA_IL",1988,0.174317,NA,NA
"PEORIA_IL",1989,0.268635,NA,NA
"PEORIA_IL",1990,0.157364,NA,NA
"PEORIA_IL",1991,0.321063,NA,NA
"PEORIA_IL",1992,0.682436,NA,NA
"PEORIA_IL",1993,0.064646,NA,NA
"PEORIA_IL",1994,0.020193,NA,NA
"PEORIA_IL",1995,-0.02461,NA,NA
"PEORIA_IL",1996,0.110876,NA,NA
"PEORIA_IL",1997,0.02073,NA,NA
"PEORIA_IL",1998,0.066437,NA,NA
"PEORIA_IL",1999,0.021095,NA,NA
"PEORIA_IL",2000,0.113068,NA,NA
"PHILADEL",1980,-0.00135,NA,NA
"PHILADEL",1981,-0.03912,NA,NA
"PHILADEL",1982,-0.04541,NA,NA
"PHILADEL",1983,0.002751,NA,NA
"PHILADEL",1984,0.082865,NA,NA
"PHILADEL",1985,0.384559,NA,NA
"PHILADEL",1986,1.41302,NA,NA
"PHILADEL",1987,2.141624,NA,NA
"PHILADEL",1988,4.233614,NA,NA
"PHILADEL",1989,4.793588,NA,NA
"PHILADEL",1990,4.167108,NA,NA
"PHILADEL",1991,3.801818,NA,NA
"PHILADEL",1992,3.869334,NA,NA
"PHILADEL",1993,3.814147,NA,NA
"PHILADEL",1994,3.742213,NA,NA
"PHILADEL",1995,3.468275,NA,NA
"PHILADEL",1996,3.439742,NA,NA
"PHILADEL",1997,3.750397,NA,NA
"PHILADEL",1998,4.223886,NA,NA
"PHILADEL",1999,4.341392,NA,NA
"PHILADEL",2000,4.087146,NA,NA
"PHOENIX",1980,-0.11665,NA,NA
"PHOENIX",1981,-0.04429,NA,NA
"PHOENIX",1982,-0.11342,NA,NA
"PHOENIX",1983,0.153775,NA,NA
"PHOENIX",1984,0.113673,NA,NA
"PHOENIX",1985,0.489907,NA,NA
"PHOENIX",1986,2.30832,NA,NA
"PHOENIX",1987,1.193682,NA,NA
"PHOENIX",1988,1.798388,NA,NA
"PHOENIX",1989,2.259659,NA,NA
"PHOENIX",1990,1.85689,NA,NA
"PHOENIX",1991,1.638313,NA,NA
"PHOENIX",1992,1.470942,NA,NA
"PHOENIX",1993,1.431455,NA,NA
"PHOENIX",1994,1.046486,NA,NA
"PHOENIX",1995,1.438237,NA,NA
"PHOENIX",1996,1.946728,NA,NA
"PHOENIX",1997,1.653479,NA,NA
"PHOENIX",1998,2.75501,NA,NA
"PHOENIX",1999,2.797622,NA,NA
"PHOENIX",2000,2.227271,NA,NA
"PITTSBUR",1980,-0.18844,NA,NA
"PITTSBUR",1981,-0.03296,NA,NA
"PITTSBUR",1982,-0.0188,NA,NA
"PITTSBUR",1983,0.40465,NA,NA
"PITTSBUR",1984,-0.1617,NA,NA
"PITTSBUR",1985,0.132511,NA,NA
"PITTSBUR",1986,0.800608,NA,NA
"PITTSBUR",1987,1.479172,NA,NA
"PITTSBUR",1988,1.599109,NA,NA
"PITTSBUR",1989,1.169102,NA,NA
"PITTSBUR",1990,3.307307,NA,NA
"PITTSBUR",1991,2.682687,NA,NA
"PITTSBUR",1992,2.487463,NA,NA
"PITTSBUR",1993,3.816635,NA,NA
"PITTSBUR",1994,2.604098,NA,NA
"PITTSBUR",1995,3.454897,NA,NA
"PITTSBUR",1996,2.808488,NA,NA
"PITTSBUR",1997,2.988409,NA,NA
"PITTSBUR",1998,3.604351,NA,NA
"PITTSBUR",1999,3.958601,NA,NA
"PITTSBUR",2000,3.522414,NA,NA
"PORTLAND",1980,-0.01863,NA,NA
"PORTLAND",1981,-0.1411,NA,NA
"PORTLAND",1982,-0.0601,NA,NA
"PORTLAND",1983,0.265583,NA,NA
"PORTLAND",1984,-0.0375,NA,NA
"PORTLAND",1985,0.136057,NA,NA
"PORTLAND",1986,0.336096,NA,NA
"PORTLAND",1987,1.561911,NA,NA
"PORTLAND",1988,2.136708,NA,NA
"PORTLAND",1989,2.663628,NA,NA
"PORTLAND",1990,2.262928,NA,NA
"PORTLAND",1991,2.116839,NA,NA
"PORTLAND",1992,2.515803,NA,NA
"PORTLAND",1993,2.737057,NA,NA
"PORTLAND",1994,2.019868,NA,NA
"PORTLAND",1995,2.19684,NA,NA
"PORTLAND",1996,2.411842,NA,NA
"PORTLAND",1997,2.454779,NA,NA
"PORTLAND",1998,2.569827,NA,NA
"PORTLAND",1999,2.087753,NA,NA
"PORTLAND",2000,2.253496,NA,NA
"PROVIDEN",1980,-0.12933,NA,NA
"PROVIDEN",1981,-0.20984,NA,NA
"PROVIDEN",1982,-0.03062,NA,NA
"PROVIDEN",1983,0.093583,NA,NA
"PROVIDEN",1984,0.246567,NA,NA
"PROVIDEN",1985,0.219578,NA,NA
"PROVIDEN",1986,0.886682,NA,NA
"PROVIDEN",1987,1.315878,NA,NA
"PROVIDEN",1988,1.670446,NA,NA
"PROVIDEN",1989,1.408897,NA,NA
"PROVIDEN",1990,0.980635,NA,NA
"PROVIDEN",1991,0.979357,NA,NA
"PROVIDEN",1992,0.960204,NA,NA
"PROVIDEN",1993,1.096136,NA,NA
"PROVIDEN",1994,1.36362,NA,NA
"PROVIDEN",1995,2.548137,NA,NA
"PROVIDEN",1996,2.284737,NA,NA
"PROVIDEN",1997,3.639732,NA,NA
"PROVIDEN",1998,2.958729,NA,NA
"PROVIDEN",1999,2.863382,NA,NA
"PROVIDEN",2000,3.179974,NA,NA
"RALEIGH",1980,-0.03365,NA,NA
"RALEIGH",1981,-0.01919,NA,NA
"RALEIGH",1982,-0.01561,NA,NA
"RALEIGH",1983,0.072325,NA,NA
"RALEIGH",1984,-0.01431,NA,NA
"RALEIGH",1985,-0.00236,NA,NA
"RALEIGH",1986,0.163456,NA,NA
"RALEIGH",1987,0.671239,NA,NA
"RALEIGH",1988,0.637616,NA,NA
"RALEIGH",1989,1.25531,NA,NA
"RALEIGH",1990,1.288952,NA,NA
"RALEIGH",1991,1.831154,NA,NA
"RALEIGH",1992,2.035184,NA,NA
"RALEIGH",1993,1.583488,NA,NA
"RALEIGH",1994,1.669406,NA,NA
"RALEIGH",1995,1.711984,NA,NA
"RALEIGH",1996,1.61527,NA,NA
"RALEIGH",1997,1.630794,NA,NA
"RALEIGH",1998,1.313301,NA,NA
"RALEIGH",1999,0.941099,NA,NA
"RALEIGH",2000,0.977488,NA,NA
"RICHMON",1980,0.000336,NA,NA
"RICHMON",1981,-0.03201,NA,NA
"RICHMON",1982,0.058018,NA,NA
"RICHMON",1983,-0.03278,NA,NA
"RICHMON",1984,0.005674,NA,NA
"RICHMON",1985,0.007296,NA,NA
"RICHMON",1986,0.008662,NA,NA
"RICHMON",1987,0.338262,NA,NA
"RICHMON",1988,0.689361,NA,NA
"RICHMON",1989,0.809854,NA,NA
"RICHMON",1990,0.48349,NA,NA
"RICHMON",1991,0.411076,NA,NA
"RICHMON",1992,0.875334,NA,NA
"RICHMON",1993,1.127028,NA,NA
"RICHMON",1994,1.473344,NA,NA
"RICHMON",1995,1.485858,NA,NA
"RICHMON",1996,0.861026,NA,NA
"RICHMON",1997,0.739452,NA,NA
"RICHMON",1998,0.52292,NA,NA
"RICHMON",1999,1.139841,NA,NA
"RICHMON",2000,0.626058,NA,NA
"RIVERSIDE",1980,-0.07502,NA,NA
"RIVERSIDE",1981,0.020095,NA,NA
"RIVERSIDE",1982,0.035321,NA,NA
"RIVERSIDE",1983,0.033009,NA,NA
"RIVERSIDE",1984,-0.01331,NA,NA
"RIVERSIDE",1985,0.307525,NA,NA
"RIVERSIDE",1986,2.069709,NA,NA
"RIVERSIDE",1987,1.438674,NA,NA
"RIVERSIDE",1988,2.044137,NA,NA
"RIVERSIDE",1989,2.10806,NA,NA
"RIVERSIDE",1990,1.534014,NA,NA
"RIVERSIDE",1991,1.099337,NA,NA
"RIVERSIDE",1992,1.543011,NA,NA
"RIVERSIDE",1993,1.890424,NA,NA
"RIVERSIDE",1994,1.335787,NA,NA
"RIVERSIDE",1995,1.489441,NA,NA
"RIVERSIDE",1996,1.670344,NA,NA
"RIVERSIDE",1997,1.685381,NA,NA
"RIVERSIDE",1998,1.447376,NA,NA
"RIVERSIDE",1999,1.323117,NA,NA
"RIVERSIDE",2000,1.359811,NA,NA
"ROCHEST",1980,-0.02225,NA,NA
"ROCHEST",1981,0.008132,NA,NA
"ROCHEST",1982,-0.02186,NA,NA
"ROCHEST",1983,0.008548,NA,NA
"ROCHEST",1984,0.019359,NA,NA
"ROCHEST",1985,0.025837,NA,NA
"ROCHEST",1986,0.578139,NA,NA
"ROCHEST",1987,0.251797,NA,NA
"ROCHEST",1988,0.562357,NA,NA
"ROCHEST",1989,0.308895,NA,NA
"ROCHEST",1990,0.19309,NA,NA
"ROCHEST",1991,0.463969,NA,NA
"ROCHEST",1992,0.340342,NA,NA
"ROCHEST",1993,0.181458,NA,NA
"ROCHEST",1994,0.144624,NA,NA
"ROCHEST",1995,0.247676,NA,NA
"ROCHEST",1996,0.058748,NA,NA
"ROCHEST",1997,0.269563,NA,NA
"ROCHEST",1998,0.216553,NA,NA
"ROCHEST",1999,0.175915,NA,NA
"ROCHEST",2000,0.173092,NA,NA
"ROCKFOR",1980,-0.01188,NA,NA
"ROCKFOR",1981,0.031227,NA,NA
"ROCKFOR",1982,0.003612,NA,NA
"ROCKFOR",1983,-0.0161,NA,NA
"ROCKFOR",1984,-0.00679,NA,NA
"ROCKFOR",1985,-0.02999,NA,NA
"ROCKFOR",1986,0.205829,NA,NA
"ROCKFOR",1987,0.112981,NA,NA
"ROCKFOR",1988,0.118053,NA,NA
"ROCKFOR",1989,0.218487,NA,NA
"ROCKFOR",1990,0.186088,NA,NA
"ROCKFOR",1991,0.480851,NA,NA
"ROCKFOR",1992,0.35042,NA,NA
"ROCKFOR",1993,0.305685,NA,NA
"ROCKFOR",1994,0.634058,NA,NA
"ROCKFOR",1995,0.079208,NA,NA
"ROCKFOR",1996,0.083741,NA,NA
"ROCKFOR",1997,0.081522,NA,NA
"ROCKFOR",1998,0.26869,NA,NA
"ROCKFOR",1999,0.233405,NA,NA
"ROCKFOR",2000,0.108056,NA,NA
"SACRAME",1980,0.061593,NA,NA
"SACRAME",1981,-0.19682,NA,NA
"SACRAME",1982,0.263399,NA,NA
"SACRAME",1983,-0.13448,NA,NA
"SACRAME",1984,-0.02099,NA,NA
"SACRAME",1985,-0.05869,NA,NA
"SACRAME",1986,0.706022,NA,NA
"SACRAME",1987,0.844115,NA,NA
"SACRAME",1988,1.621177,NA,NA
"SACRAME",1989,2.922697,NA,NA
"SACRAME",1990,2.747561,NA,NA
"SACRAME",1991,1.912174,NA,NA
"SACRAME",1992,1.914042,NA,NA
"SACRAME",1993,1.5145,NA,NA
"SACRAME",1994,1.903319,NA,NA
"SACRAME",1995,1.520502,NA,NA
"SACRAME",1996,1.886186,NA,NA
"SACRAME",1997,1.043373,NA,NA
"SACRAME",1998,0.843673,NA,NA
"SACRAME",1999,0.812623,NA,NA
"SACRAME",2000,1.226182,NA,NA
"SALT_LAKE",1980,0.285318,49,35
"SALT_LAKE",1981,-0.10257,49,35
"SALT_LAKE",1982,-0.19432,49,35
"SALT_LAKE",1983,-0.18585,49,35
"SALT_LAKE",1984,0.197464,49,35
"SALT_LAKE",1985,0.142184,49,35
"SALT_LAKE",1986,0.924254,49,35
"SALT_LAKE",1987,0.813012,49,35
"SALT_LAKE",1988,0.967827,49,35
"SALT_LAKE",1989,1.560919,49,35
"SALT_LAKE",1990,0.726187,49,35
"SALT_LAKE",1991,1.172573,49,35
"SALT_LAKE",1992,0.750829,49,35
"SALT_LAKE",1993,1.807445,49,35
"SALT_LAKE",1994,2.029638,49,35
"SALT_LAKE",1995,2.697774,49,35
"SALT_LAKE",1996,4.430943,49,35
"SALT_LAKE",1997,3.892213,49,35
"SALT_LAKE",1998,4.768262,49,35
"SALT_LAKE",1999,4.609359,49,35
"SALT_LAKE",2000,4.280936,49,35
"SAN_ANTO",1980,0.371218,NA,NA
"SAN_ANTO",1981,-0.09667,NA,NA
"SAN_ANTO",1982,-0.11865,NA,NA
"SAN_ANTO",1983,-0.11979,NA,NA
"SAN_ANTO",1984,-0.0361,NA,NA
"SAN_ANTO",1985,0.032887,NA,NA
"SAN_ANTO",1986,0.219128,NA,NA
"SAN_ANTO",1987,0.774765,NA,NA
"SAN_ANTO",1988,1.257854,NA,NA
"SAN_ANTO",1989,2.460775,NA,NA
"SAN_ANTO",1990,0.997667,NA,NA
"SAN_ANTO",1991,1.494911,NA,NA
"SAN_ANTO",1992,3.094031,NA,NA
"SAN_ANTO",1993,1.789063,NA,NA
"SAN_ANTO",1994,1.515958,NA,NA
"SAN_ANTO",1995,1.193376,NA,NA
"SAN_ANTO",1996,0.963419,NA,NA
"SAN_ANTO",1997,0.687511,NA,NA
"SAN_ANTO",1998,0.611546,NA,NA
"SAN_ANTO",1999,0.417038,NA,NA
"SAN_ANTO",2000,0.38841,NA,NA
"SAN_DIEGO",1980,0.030222,NA,NA
"SAN_DIEGO",1981,-0.41212,NA,NA
"SAN_DIEGO",1982,0.005789,NA,NA
"SAN_DIEGO",1983,0.221107,NA,NA
"SAN_DIEGO",1984,0.108244,NA,NA
"SAN_DIEGO",1985,0.114261,NA,NA
"SAN_DIEGO",1986,1.151737,NA,NA
"SAN_DIEGO",1987,1.444913,NA,NA
"SAN_DIEGO",1988,3.062298,NA,NA
"SAN_DIEGO",1989,3.472362,NA,NA
"SAN_DIEGO",1990,2.707382,NA,NA
"SAN_DIEGO",1991,2.27864,NA,NA
"SAN_DIEGO",1992,2.262711,NA,NA
"SAN_DIEGO",1993,2.107577,NA,NA
"SAN_DIEGO",1994,2.006284,NA,NA
"SAN_DIEGO",1995,1.950945,NA,NA
"SAN_DIEGO",1996,2.542135,NA,NA
"SAN_DIEGO",1997,1.982277,NA,NA
"SAN_DIEGO",1998,2.256642,NA,NA
"SAN_DIEGO",1999,2.052058,NA,NA
"SAN_DIEGO",2000,2.216636,NA,NA
"SAN_FRAN",1980,-0.28722,NA,NA
"SAN_FRAN",1981,-0.44698,NA,NA
"SAN_FRAN",1982,0.164618,NA,NA
"SAN_FRAN",1983,0.118695,NA,NA
"SAN_FRAN",1984,0.482247,NA,NA
"SAN_FRAN",1985,0.161947,NA,NA
"SAN_FRAN",1986,1.258589,NA,NA
"SAN_FRAN",1987,2.231575,NA,NA
"SAN_FRAN",1988,3.936396,NA,NA
"SAN_FRAN",1989,5.918075,NA,NA
"SAN_FRAN",1990,5.46216,NA,NA
"SAN_FRAN",1991,5.381659,NA,NA
"SAN_FRAN",1992,5.162888,NA,NA
"SAN_FRAN",1993,4.871128,NA,NA
"SAN_FRAN",1994,4.951316,NA,NA
"SAN_FRAN",1995,4.088923,NA,NA
"SAN_FRAN",1996,4.103419,NA,NA
"SAN_FRAN",1997,3.550545,NA,NA
"SAN_FRAN",1998,4.070043,NA,NA
"SAN_FRAN",1999,3.75143,NA,NA
"SAN_FRAN",2000,2.976417,NA,NA
"SAN_JOSE",1980,-0.3051,NA,NA
"SAN_JOSE",1981,-0.29089,NA,NA
"SAN_JOSE",1982,-0.11276,NA,NA
"SAN_JOSE",1983,0.227853,NA,NA
"SAN_JOSE",1984,0.643992,NA,NA
"SAN_JOSE",1985,0.600292,NA,NA
"SAN_JOSE",1986,1.958573,NA,NA
"SAN_JOSE",1987,1.768801,NA,NA
"SAN_JOSE",1988,2.394043,NA,NA
"SAN_JOSE",1989,2.047625,NA,NA
"SAN_JOSE",1990,1.293024,NA,NA
"SAN_JOSE",1991,1.009297,NA,NA
"SAN_JOSE",1992,1.24363,NA,NA
"SAN_JOSE",1993,0.834458,NA,NA
"SAN_JOSE",1994,0.838327,NA,NA
"SAN_JOSE",1995,0.752469,NA,NA
"SAN_JOSE",1996,1.968836,NA,NA
"SAN_JOSE",1997,1.19845,NA,NA
"SAN_JOSE",1998,0.748739,NA,NA
"SAN_JOSE",1999,0.593919,NA,NA
"SAN_JOSE",2000,0.558657,NA,NA
"SANTA_AN",1980,-0.20439,NA,NA
"SANTA_AN",1981,-0.17519,NA,NA
"SANTA_AN",1982,-0.14748,NA,NA
"SANTA_AN",1983,0.164707,NA,NA
"SANTA_AN",1984,0.365696,NA,NA
"SANTA_AN",1985,0.813985,NA,NA
"SANTA_AN",1986,0.884758,NA,NA
"SANTA_AN",1987,0.619272,NA,NA
"SANTA_AN",1988,0.700035,NA,NA
"SANTA_AN",1989,0.944761,NA,NA
"SANTA_AN",1990,0.624206,NA,NA
"SANTA_AN",1991,0.851606,NA,NA
"SANTA_AN",1992,1.583235,NA,NA
"SANTA_AN",1993,1.622715,NA,NA
"SANTA_AN",1994,1.397923,NA,NA
"SANTA_AN",1995,0.557288,NA,NA
"SANTA_AN",1996,0.944476,NA,NA
"SANTA_AN",1997,0.737402,NA,NA
"SANTA_AN",1998,0.693953,NA,NA
"SANTA_AN",1999,1.168741,NA,NA
"SANTA_AN",2000,0.669532,NA,NA
"SAVANNA",1980,-0.01415,NA,NA
"SAVANNA",1981,-0.01415,NA,NA
"SAVANNA",1982,-0.01677,NA,NA
"SAVANNA",1983,-0.01415,NA,NA
"SAVANNA",1984,0.061316,NA,NA
"SAVANNA",1985,0.023992,NA,NA
"SAVANNA",1986,-0.0017,NA,NA
"SAVANNA",1987,0.075832,NA,NA
"SAVANNA",1988,-0.00686,NA,NA
"SAVANNA",1989,0.00096,NA,NA
"SAVANNA",1990,0.097697,NA,NA
"SAVANNA",1991,0.034312,NA,NA
"SAVANNA",1992,-0.01307,NA,NA
"SAVANNA",1993,-0.00508,NA,NA
"SAVANNA",1994,0.152138,NA,NA
"SAVANNA",1995,0.032095,NA,NA
"SAVANNA",1996,0.037243,NA,NA
"SAVANNA",1997,0.098533,NA,NA
"SAVANNA",1998,0.087744,NA,NA
"SAVANNA",1999,0.114063,NA,NA
"SAVANNA",2000,0.024493,NA,NA
"SEATTLE",1980,-0.04982,53,269
"SEATTLE",1981,0.044992,53,269
"SEATTLE",1982,0.039224,53,269
"SEATTLE",1983,-0.08239,53,269
"SEATTLE",1984,0.069107,53,269
"SEATTLE",1985,0.16621,53,269
"SEATTLE",1986,1.452429,53,269
"SEATTLE",1987,1.388631,53,269
"SEATTLE",1988,2.798914,53,269
"SEATTLE",1989,3.021417,53,269
"SEATTLE",1990,2.99046,53,269
"SEATTLE",1991,3.071753,53,269
"SEATTLE",1992,4.391854,53,269
"SEATTLE",1993,4.289537,53,269
"SEATTLE",1994,3.583322,53,269
"SEATTLE",1995,2.389123,53,269
"SEATTLE",1996,2.673027,53,269
"SEATTLE",1997,2.569953,53,269
"SEATTLE",1998,2.610524,53,269
"SEATTLE",1999,2.468047,53,269
"SEATTLE",2000,2.600013,53,269
"SHREVEPO",1980,-0.0487,22,15
"SHREVEPO",1981,0.045565,22,15
"SHREVEPO",1982,0.038113,22,15
"SHREVEPO",1983,0.001127,22,15
"SHREVEPO",1984,-0.03611,22,15
"SHREVEPO",1985,0.007507,22,15
"SHREVEPO",1986,-0.02982,22,15
"SHREVEPO",1987,-0.04982,22,15
"SHREVEPO",1988,0.207185,22,15
"SHREVEPO",1989,0.561234,22,15
"SHREVEPO",1990,0.413226,22,15
"SHREVEPO",1991,0.49184,22,15
"SHREVEPO",1992,1.045622,22,15
"SHREVEPO",1993,0.690573,22,15
"SHREVEPO",1994,0.64032,22,15
"SHREVEPO",1995,0.591913,22,15
"SHREVEPO",1996,0.461456,22,15
"SHREVEPO",1997,0.365482,22,15
"SHREVEPO",1998,0.404933,22,15
"SHREVEPO",1999,0.286472,22,15
"SHREVEPO",2000,0.500737,22,15
"SOUTH_BE",1980,-0.00926,NA,NA
"SOUTH_BE",1981,0.007534,NA,NA
"SOUTH_BE",1982,-0.0372,NA,NA
"SOUTH_BE",1983,-0.03593,NA,NA
"SOUTH_BE",1984,0.037049,NA,NA
"SOUTH_BE",1985,-0.0075,NA,NA
"SOUTH_BE",1986,-0.00749,NA,NA
"SOUTH_BE",1987,0.159654,NA,NA
"SOUTH_BE",1988,0.284523,NA,NA
"SOUTH_BE",1989,0.262307,NA,NA
"SOUTH_BE",1990,-0.00926,NA,NA
"SOUTH_BE",1991,0.077838,NA,NA
"SOUTH_BE",1992,0.21339,NA,NA
"SOUTH_BE",1993,0.340861,NA,NA
"SOUTH_BE",1994,0.390226,NA,NA
"SOUTH_BE",1995,0.322261,NA,NA
"SOUTH_BE",1996,0.656508,NA,NA
"SOUTH_BE",1997,0.365122,NA,NA
"SOUTH_BE",1998,0.592058,NA,NA
"SOUTH_BE",1999,0.449857,NA,NA
"SOUTH_BE",2000,0.528385,NA,NA
"SPOKANE",1980,-0.03491,NA,NA
"SPOKANE",1981,-0.04502,NA,NA
"SPOKANE",1982,-0.04785,NA,NA
"SPOKANE",1983,0.011803,NA,NA
"SPOKANE",1984,0.102357,NA,NA
"SPOKANE",1985,0.125254,NA,NA
"SPOKANE",1986,0.25351,NA,NA
"SPOKANE",1987,0.118179,NA,NA
"SPOKANE",1988,0.41998,NA,NA
"SPOKANE",1989,0.448586,NA,NA
"SPOKANE",1990,0.189869,NA,NA
"SPOKANE",1991,0.252126,NA,NA
"SPOKANE",1992,0.185364,NA,NA
"SPOKANE",1993,0.223358,NA,NA
"SPOKANE",1994,0.491035,NA,NA
"SPOKANE",1995,0.615647,NA,NA
"SPOKANE",1996,0.362825,NA,NA
"SPOKANE",1997,0.215619,NA,NA
"SPOKANE",1998,0.215398,NA,NA
"SPOKANE",1999,0.566482,NA,NA
"SPOKANE",2000,0.606136,NA,NA
"SPRINGFIE",1980,-0.15403,NA,NA
"SPRINGFIE",1981,-0.09179,NA,NA
"SPRINGFIE",1982,-0.06709,NA,NA
"SPRINGFIE",1983,-0.02019,NA,NA
"SPRINGFIE",1984,0.33779,NA,NA
"SPRINGFIE",1985,0.051165,NA,NA
"SPRINGFIE",1986,0.270802,NA,NA
"SPRINGFIE",1987,0.91914,NA,NA
"SPRINGFIE",1988,1.199154,NA,NA
"SPRINGFIE",1989,0.917691,NA,NA
"SPRINGFIE",1990,0.764141,NA,NA
"SPRINGFIE",1991,0.952526,NA,NA
"SPRINGFIE",1992,0.933637,NA,NA
"SPRINGFIE",1993,1.056599,NA,NA
"SPRINGFIE",1994,1.044798,NA,NA
"SPRINGFIE",1995,1.300059,NA,NA
"SPRINGFIE",1996,1.044513,NA,NA
"SPRINGFIE",1997,2.295218,NA,NA
"SPRINGFIE",1998,1.569234,NA,NA
"SPRINGFIE",1999,1.43897,NA,NA
"SPRINGFIE",2000,1.221198,NA,NA
"SPRINGFIE",1980,0,NA,NA
"SPRINGFIE",1981,0,NA,NA
"SPRINGFIE",1982,0,NA,NA
"SPRINGFIE",1983,-0.00043,NA,NA
"SPRINGFIE",1984,0.000425,NA,NA
"SPRINGFIE",1985,0,NA,NA
"SPRINGFIE",1986,0.028364,NA,NA
"SPRINGFIE",1987,0.559591,NA,NA
"SPRINGFIE",1988,0.089696,NA,NA
"SPRINGFIE",1989,0.099002,NA,NA
"SPRINGFIE",1990,0.069986,NA,NA
"SPRINGFIE",1991,0.088886,NA,NA
"SPRINGFIE",1992,0.026416,NA,NA
"SPRINGFIE",1993,0.460432,NA,NA
"SPRINGFIE",1994,0.574217,NA,NA
"SPRINGFIE",1995,0.096075,NA,NA
"SPRINGFIE",1996,0.077879,NA,NA
"SPRINGFIE",1997,1.457329,NA,NA
"SPRINGFIE",1998,0.044627,NA,NA
"SPRINGFIE",1999,0.027218,NA,NA
"SPRINGFIE",2000,0.005177,NA,NA
"ST_LOUIS",1980,-0.00591,NA,NA
"ST_LOUIS",1981,0.037495,NA,NA
"ST_LOUIS",1982,-0.03609,NA,NA
"ST_LOUIS",1983,-0.02788,NA,NA
"ST_LOUIS",1984,0.03868,NA,NA
"ST_LOUIS",1985,0.156228,NA,NA
"ST_LOUIS",1986,0.770078,NA,NA
"ST_LOUIS",1987,0.959172,NA,NA
"ST_LOUIS",1988,1.334381,NA,NA
"ST_LOUIS",1989,1.637947,NA,NA
"ST_LOUIS",1990,1.272773,NA,NA
"ST_LOUIS",1991,1.758869,NA,NA
"ST_LOUIS",1992,1.709667,NA,NA
"ST_LOUIS",1993,2.16703,NA,NA
"ST_LOUIS",1994,2.388065,NA,NA
"ST_LOUIS",1995,1.747319,NA,NA
"ST_LOUIS",1996,2.027604,NA,NA
"ST_LOUIS",1997,1.449354,NA,NA
"ST_LOUIS",1998,1.578102,NA,NA
"ST_LOUIS",1999,1.624263,NA,NA
"ST_LOUIS",2000,1.638007,NA,NA
"ST_PAUL",1980,-0.0296,NA,NA
"ST_PAUL",1981,-0.07189,NA,NA
"ST_PAUL",1982,-0.00443,NA,NA
"ST_PAUL",1983,0.015432,NA,NA
"ST_PAUL",1984,0.07801,NA,NA
"ST_PAUL",1985,0.211662,NA,NA
"ST_PAUL",1986,0.854454,NA,NA
"ST_PAUL",1987,0.367629,NA,NA
"ST_PAUL",1988,1.848512,NA,NA
"ST_PAUL",1989,1.714988,NA,NA
"ST_PAUL",1990,1.270243,NA,NA
"ST_PAUL",1991,0.353155,NA,NA
"ST_PAUL",1992,0.270274,NA,NA
"ST_PAUL",1993,1.621832,NA,NA
"ST_PAUL",1994,1.406111,NA,NA
"ST_PAUL",1995,1.602739,NA,NA
"ST_PAUL",1996,1.436366,NA,NA
"ST_PAUL",1997,1.25946,NA,NA
"ST_PAUL",1998,2.145051,NA,NA
"ST_PAUL",1999,1.615303,NA,NA
"ST_PAUL",2000,0.175443,NA,NA
"ST_PETER",1980,0.020615,NA,NA
"ST_PETER",1981,-0.09672,NA,NA
"ST_PETER",1982,0.043775,NA,NA
"ST_PETER",1983,-0.06187,NA,NA
"ST_PETER",1984,0.080344,NA,NA
"ST_PETER",1985,0.225492,NA,NA
"ST_PETER",1986,0.597018,NA,NA
"ST_PETER",1987,1.438392,NA,NA
"ST_PETER",1988,0.589872,NA,NA
"ST_PETER",1989,0.896087,NA,NA
"ST_PETER",1990,1.851156,NA,NA
"ST_PETER",1991,1.685948,NA,NA
"ST_PETER",1992,1.628929,NA,NA
"ST_PETER",1993,2.050398,NA,NA
"ST_PETER",1994,1.662912,NA,NA
"ST_PETER",1995,2.086298,NA,NA
"ST_PETER",1996,0.5935,NA,NA
"ST_PETER",1997,0.536454,NA,NA
"ST_PETER",1998,0.572468,NA,NA
"ST_PETER",1999,0.445437,NA,NA
"ST_PETER",2000,0.395138,NA,NA
"STERLING",1980,0.01593,NA,NA
"STERLING",1981,-0.01593,NA,NA
"STERLING",1982,0,NA,NA
"STERLING",1983,0,NA,NA
"STERLING",1984,0,NA,NA
"STERLING",1985,0,NA,NA
"STERLING",1986,0,NA,NA
"STERLING",1987,0,NA,NA
"STERLING",1988,0.044351,NA,NA
"STERLING",1989,0,NA,NA
"STERLING",1990,-0.02145,NA,NA
"STERLING",1991,-0.02358,NA,NA
"STERLING",1992,-0.00271,NA,NA
"STERLING",1993,-0.00106,NA,NA
"STERLING",1994,0.006937,NA,NA
"STERLING",1995,0.083871,NA,NA
"STERLING",1996,0,NA,NA
"STERLING",1997,0.0957,NA,NA
"STERLING",1998,0.01565,NA,NA
"STERLING",1999,0.110328,NA,NA
"STERLING",2000,0.285158,NA,NA
"STOCKTO",1980,-0.08938,NA,NA
"STOCKTO",1981,-0.20834,NA,NA
"STOCKTO",1982,-0.06385,NA,NA
"STOCKTO",1983,0.122331,NA,NA
"STOCKTO",1984,0.239237,NA,NA
"STOCKTO",1985,0.46616,NA,NA
"STOCKTO",1986,0.594573,NA,NA
"STOCKTO",1987,0.802876,NA,NA
"STOCKTO",1988,1.170575,NA,NA
"STOCKTO",1989,1.030839,NA,NA
"STOCKTO",1990,0.750549,NA,NA
"STOCKTO",1991,1.103057,NA,NA
"STOCKTO",1992,1.611022,NA,NA
"STOCKTO",1993,1.336691,NA,NA
"STOCKTO",1994,0.737396,NA,NA
"STOCKTO",1995,0.85125,NA,NA
"STOCKTO",1996,0.944125,NA,NA
"STOCKTO",1997,0.945937,NA,NA
"STOCKTO",1998,1.046037,NA,NA
"STOCKTO",1999,0.96267,NA,NA
"STOCKTO",2000,0.807296,NA,NA
"SYRACUS",1980,-0.13479,NA,NA
"SYRACUS",1981,0.008124,NA,NA
"SYRACUS",1982,0.159772,NA,NA
"SYRACUS",1983,0.173291,NA,NA
"SYRACUS",1984,-0.14542,NA,NA
"SYRACUS",1985,0.28263,NA,NA
"SYRACUS",1986,-0.00478,NA,NA
"SYRACUS",1987,-0.06144,NA,NA
"SYRACUS",1988,0.380801,NA,NA
"SYRACUS",1989,0.280279,NA,NA
"SYRACUS",1990,0.103338,NA,NA
"SYRACUS",1991,0.221431,NA,NA
"SYRACUS",1992,0.198299,NA,NA
"SYRACUS",1993,0.367285,NA,NA
"SYRACUS",1994,0.328915,NA,NA
"SYRACUS",1995,0.327331,NA,NA
"SYRACUS",1996,0.261204,NA,NA
"SYRACUS",1997,0.353356,NA,NA
"SYRACUS",1998,0.210861,NA,NA
"SYRACUS",1999,0.222981,NA,NA
"SYRACUS",2000,0.276178,NA,NA
"TACOMA",1980,-0.09819,53,229
"TACOMA",1981,0.091154,53,229
"TACOMA",1982,-0.08958,53,229
"TACOMA",1983,0.004049,53,229
"TACOMA",1984,0.09453,53,229
"TACOMA",1985,0.002322,53,229
"TACOMA",1986,0.239149,53,229
"TACOMA",1987,0.540334,53,229
"TACOMA",1988,1.236287,53,229
"TACOMA",1989,0.146406,53,229
"TACOMA",1990,0.029283,53,229
"TACOMA",1991,0.108579,53,229
"TACOMA",1992,0.033271,53,229
"TACOMA",1993,0.356147,53,229
"TACOMA",1994,0.065478,53,229
"TACOMA",1995,0.16538,53,229
"TACOMA",1996,0.231717,53,229
"TACOMA",1997,0.296444,53,229
"TACOMA",1998,0.09899,53,229
"TACOMA",1999,1.121065,53,229
"TACOMA",2000,1.458895,53,229
"TAMPA",1980,-0.26519,NA,NA
"TAMPA",1981,-0.27231,NA,NA
"TAMPA",1982,0.116918,NA,NA
"TAMPA",1983,0.023787,NA,NA
"TAMPA",1984,0.396787,NA,NA
"TAMPA",1985,0.407371,NA,NA
"TAMPA",1986,1.154195,NA,NA
"TAMPA",1987,2.071478,NA,NA
"TAMPA",1988,0.84843,NA,NA
"TAMPA",1989,0.854359,NA,NA
"TAMPA",1990,1.750478,NA,NA
"TAMPA",1991,1.632291,NA,NA
"TAMPA",1992,1.819232,NA,NA
"TAMPA",1993,1.333707,NA,NA
"TAMPA",1994,1.704376,NA,NA
"TAMPA",1995,1.736241,NA,NA
"TAMPA",1996,0.855578,NA,NA
"TAMPA",1997,0.646943,NA,NA
"TAMPA",1998,1.048225,NA,NA
"TAMPA",1999,0.63294,NA,NA
"TAMPA",2000,0.526532,NA,NA
"TOLEDO",1980,0.00697,NA,NA
"TOLEDO",1981,-0.0249,NA,NA
"TOLEDO",1982,-0.01113,NA,NA
"TOLEDO",1983,-0.0155,NA,NA
"TOLEDO",1984,0.044324,NA,NA
"TOLEDO",1985,0.071306,NA,NA
"TOLEDO",1986,0.24625,NA,NA
"TOLEDO",1987,0.267335,NA,NA
"TOLEDO",1988,0.400631,NA,NA
"TOLEDO",1989,0.488438,NA,NA
"TOLEDO",1990,0.432736,NA,NA
"TOLEDO",1991,0.366321,NA,NA
"TOLEDO",1992,0.297541,NA,NA
"TOLEDO",1993,0.328225,NA,NA
"TOLEDO",1994,0.48202,NA,NA
"TOLEDO",1995,0.45113,NA,NA
"TOLEDO",1996,0.43177,NA,NA
"TOLEDO",1997,0.413674,NA,NA
"TOLEDO",1998,0.494552,NA,NA
"TOLEDO",1999,0.561664,NA,NA
"TOLEDO",2000,0.500413,NA,NA
"TOPEKA",1980,-0.06005,NA,NA
"TOPEKA",1981,0.059491,NA,NA
"TOPEKA",1982,0.018861,NA,NA
"TOPEKA",1983,0.052358,NA,NA
"TOPEKA",1984,-0.07066,NA,NA
"TOPEKA",1985,0.003268,NA,NA
"TOPEKA",1986,-0.05723,NA,NA
"TOPEKA",1987,0.068363,NA,NA
"TOPEKA",1988,-0.05096,NA,NA
"TOPEKA",1989,0.037187,NA,NA
"TOPEKA",1990,0.016819,NA,NA
"TOPEKA",1991,0.165603,NA,NA
"TOPEKA",1992,0.134994,NA,NA
"TOPEKA",1993,-0.01715,NA,NA
"TOPEKA",1994,0.026092,NA,NA
"TOPEKA",1995,0.069634,NA,NA
"TOPEKA",1996,-0.01715,NA,NA
"TOPEKA",1997,-0.01715,NA,NA
"TOPEKA",1998,-0.01715,NA,NA
"TOPEKA",1999,0.070852,NA,NA
"TOPEKA",2000,0.203633,NA,NA
"TORRANC",1980,0.019756,6,37
"TORRANC",1981,-0.16225,6,37
"TORRANC",1982,-0.1551,6,37
"TORRANC",1983,0.173512,6,37
"TORRANC",1984,0.124075,6,37
"TORRANC",1985,0.102697,6,37
"TORRANC",1986,0.335898,6,37
"TORRANC",1987,0.223189,6,37
"TORRANC",1988,0.337074,6,37
"TORRANC",1989,1.17268,6,37
"TORRANC",1990,0.389857,6,37
"TORRANC",1991,0.499048,6,37
"TORRANC",1992,0.213696,6,37
"TORRANC",1993,0.251977,6,37
"TORRANC",1994,0.069661,6,37
"TORRANC",1995,0.216842,6,37
"TORRANC",1996,0.07284,6,37
"TORRANC",1997,0.127264,6,37
"TORRANC",1998,0.083494,6,37
"TORRANC",1999,0.18705,6,37
"TORRANC",2000,0.563575,6,37
"TUCSON",1980,-0.07887,NA,NA
"TUCSON",1981,-0.10618,NA,NA
"TUCSON",1982,0.020948,NA,NA
"TUCSON",1983,0.103188,NA,NA
"TUCSON",1984,0.004097,NA,NA
"TUCSON",1985,-0.01098,NA,NA
"TUCSON",1986,0.374221,NA,NA
"TUCSON",1987,0.30178,NA,NA
"TUCSON",1988,1.132276,NA,NA
"TUCSON",1989,1.590483,NA,NA
"TUCSON",1990,0.666616,NA,NA
"TUCSON",1991,1.918456,NA,NA
"TUCSON",1992,0.670949,NA,NA
"TUCSON",1993,1.045007,NA,NA
"TUCSON",1994,1.250136,NA,NA
"TUCSON",1995,1.207482,NA,NA
"TUCSON",1996,1.556159,NA,NA
"TUCSON",1997,1.015215,NA,NA
"TUCSON",1998,1.954817,NA,NA
"TUCSON",1999,3.205472,NA,NA
"TUCSON",2000,2.727109,NA,NA
"TULSA",1980,0.002893,40,139
"TULSA",1981,-0.00578,40,139
"TULSA",1982,0.004747,40,139
"TULSA",1983,0.013502,40,139
"TULSA",1984,-0.01521,40,139
"TULSA",1985,0.06547,40,139
"TULSA",1986,0.189901,40,139
"TULSA",1987,0.140967,40,139
"TULSA",1988,0.226224,40,139
"TULSA",1989,0.255545,40,139
"TULSA",1990,0.09083,40,139
"TULSA",1991,0.11107,40,139
"TULSA",1992,0.243225,40,139
"TULSA",1993,0.257904,40,139
"TULSA",1994,0.349976,40,139
"TULSA",1995,0.256454,40,139
"TULSA",1996,0.293011,40,139
"TULSA",1997,0.108276,40,139
"TULSA",1998,0.176808,40,139
"TULSA",1999,0.274469,40,139
"TULSA",2000,0.184193,40,139
"VIRGINIA_B",1980,-0.00659,51,810
"VIRGINIA_B",1981,0.011363,51,810
"VIRGINIA_B",1982,-0.00693,51,810
"VIRGINIA_B",1983,-0.00693,51,810
"VIRGINIA_B",1984,0.009309,51,810
"VIRGINIA_B",1985,-0.00693,51,810
"VIRGINIA_B",1986,0.04046,51,810
"VIRGINIA_B",1987,0.024339,51,810
"VIRGINIA_B",1988,0.021136,51,810
"VIRGINIA_B",1989,0.006642,51,810
"VIRGINIA_B",1990,0.006211,51,810
"VIRGINIA_B",1991,0.019258,51,810
"VIRGINIA_B",1992,0.005602,51,810
"VIRGINIA_B",1993,0.045076,51,810
"VIRGINIA_B",1994,0.070806,51,810
"VIRGINIA_B",1995,0.031802,51,810
"VIRGINIA_B",1996,0.005779,51,810
"VIRGINIA_B",1997,0.032134,51,810
"VIRGINIA_B",1998,0.045024,51,810
"VIRGINIA_B",1999,0.05845,51,810
"VIRGINIA_B",2000,0.043826,51,810
"WARREN",1980,0,NA,NA
"WARREN",1981,0,NA,NA
"WARREN",1982,0.001988,NA,NA
"WARREN",1983,-0.00195,NA,NA
"WARREN",1984,0,NA,NA
"WARREN",1985,0.007798,NA,NA
"WARREN",1986,0.047187,NA,NA
"WARREN",1987,0.167477,NA,NA
"WARREN",1988,0.001157,NA,NA
"WARREN",1989,0.396449,NA,NA
"WARREN",1990,0.336484,NA,NA
"WARREN",1991,0.25283,NA,NA
"WARREN",1992,0.032711,NA,NA
"WARREN",1993,1.177076,NA,NA
"WARREN",1994,0.033329,NA,NA
"WARREN",1995,0,NA,NA
"WARREN",1996,0.067942,NA,NA
"WARREN",1997,0,NA,NA
"WARREN",1998,0,NA,NA
"WARREN",1999,0.104944,NA,NA
"WARREN",2000,0.105995,NA,NA
"WASHINGT",1980,-0.34994,NA,NA
"WASHINGT",1981,0.012618,NA,NA
"WASHINGT",1982,0.038523,NA,NA
"WASHINGT",1983,0.101098,NA,NA
"WASHINGT",1984,0.264506,NA,NA
"WASHINGT",1985,0.593274,NA,NA
"WASHINGT",1986,1.096045,NA,NA
"WASHINGT",1987,1.622233,NA,NA
"WASHINGT",1988,3.071861,NA,NA
"WASHINGT",1989,3.182655,NA,NA
"WASHINGT",1990,2.262074,NA,NA
"WASHINGT",1991,2.541985,NA,NA
"WASHINGT",1992,1.908903,NA,NA
"WASHINGT",1993,1.730234,NA,NA
"WASHINGT",1994,1.46375,NA,NA
"WASHINGT",1995,1.211903,NA,NA
"WASHINGT",1996,0.762487,NA,NA
"WASHINGT",1997,0.715372,NA,NA
"WASHINGT",1998,1.170622,NA,NA
"WASHINGT",1999,1.042687,NA,NA
"WASHINGT",2000,0.807234,NA,NA
"WICHITA",1980,-0.01432,NA,NA
"WICHITA",1981,0.004644,NA,NA
"WICHITA",1982,-0.01603,NA,NA
"WICHITA",1983,-0.01432,NA,NA
"WICHITA",1984,0.041448,NA,NA
"WICHITA",1985,0.01505,NA,NA
"WICHITA",1986,0.011913,NA,NA
"WICHITA",1987,-0.01278,NA,NA
"WICHITA",1988,0.027043,NA,NA
"WICHITA",1989,0.010023,NA,NA
"WICHITA",1990,0.024142,NA,NA
"WICHITA",1991,0.045366,NA,NA
"WICHITA",1992,0.023255,NA,NA
"WICHITA",1993,0.039138,NA,NA
"WICHITA",1994,0.029816,NA,NA
"WICHITA",1995,0.003162,NA,NA
"WICHITA",1996,0.002253,NA,NA
"WICHITA",1997,0.029171,NA,NA
"WICHITA",1998,0.110363,NA,NA
"WICHITA",1999,0.07272,NA,NA
"WICHITA",2000,0.132829,NA,NA
"WINSTON-",1980,-0.05376,37,117
"WINSTON-",1981,0.027142,37,117
"WINSTON-",1982,-0.03841,37,117
"WINSTON-",1983,-0.04215,37,117
"WINSTON-",1984,0.107178,37,117
"WINSTON-",1985,0.018186,37,117
"WINSTON-",1986,0.198091,37,117
"WINSTON-",1987,-0.0366,37,117
"WINSTON-",1988,0.069248,37,117
"WINSTON-",1989,0.141811,37,117
"WINSTON-",1990,0.451127,37,117
"WINSTON-",1991,0.60134,37,117
"WINSTON-",1992,0.278726,37,117
"WINSTON-",1993,0.169355,37,117
"WINSTON-",1994,0.192916,37,117
"WINSTON-",1995,0.215254,37,117
"WINSTON-",1996,0.261762,37,117
"WINSTON-",1997,0.506825,37,117
"WINSTON-",1998,0.466309,37,117
"WINSTON-",1999,0.049439,37,117
"WINSTON-",2000,0.411484,37,117
"WORCEST",1980,-0.20273,NA,NA
"WORCEST",1981,-0.12067,NA,NA
"WORCEST",1982,0,NA,NA
"WORCEST",1983,0.150951,NA,NA
"WORCEST",1984,0.17245,NA,NA
"WORCEST",1985,0.247593,NA,NA
"WORCEST",1986,0.533246,NA,NA
"WORCEST",1987,0.503874,NA,NA
"WORCEST",1988,0.660671,NA,NA
"WORCEST",1989,0.747424,NA,NA
"WORCEST",1990,0.031358,NA,NA
"WORCEST",1991,0.094712,NA,NA
"WORCEST",1992,0.890067,NA,NA
"WORCEST",1993,1.25367,NA,NA
"WORCEST",1994,1.272426,NA,NA
"WORCEST",1995,1.337236,NA,NA
"WORCEST",1996,0.923168,NA,NA
"WORCEST",1997,0.135756,NA,NA
"WORCEST",1998,1.537836,NA,NA
"WORCEST",1999,0.884512,NA,NA
"WORCEST",2000,1.355783,NA,NA
"YONKERS",1980,-0.11763,NA,NA
"YONKERS",1981,-0.12776,NA,NA
"YONKERS",1982,-0.10703,NA,NA
"YONKERS",1983,0.034209,NA,NA
"YONKERS",1984,0.373257,NA,NA
"YONKERS",1985,0.358254,NA,NA
"YONKERS",1986,2.688144,NA,NA
"YONKERS",1987,2.007787,NA,NA
"YONKERS",1988,2.761927,NA,NA
"YONKERS",1989,3.242202,NA,NA
"YONKERS",1990,2.52319,NA,NA
"YONKERS",1991,2.005441,NA,NA
"YONKERS",1992,2.14258,NA,NA
"YONKERS",1993,2.048492,NA,NA
"YONKERS",1994,2.139928,NA,NA
"YONKERS",1995,1.865772,NA,NA
"YONKERS",1996,1.496838,NA,NA
"YONKERS",1997,2.392226,NA,NA
"YONKERS",1998,1.774408,NA,NA
"YONKERS",1999,1.681619,NA,NA
"YONKERS",2000,1.508428,NA,NA
